k,timestamp,load_p_kw,poa_irradiance_w_m2,temp_air_c,quality,bess_1.available,dg_1.available,grid_1.available,pv_1.available
0,2026-03-01T00:00:00+05:30,363.965,0.0,24.556,synthetic,True,True,True,True
1,2026-03-01T00:15:00+05:30,375.353,0.0,25.116,synthetic,True,True,True,True
2,2026-03-01T00:30:00+05:30,368.014,0.0,24.521,synthetic,True,True,True,True
3,2026-03-01T00:45:00+05:30,386.554,0.0,23.851,synthetic,True,True,True,True
4,2026-03-01T01:00:00+05:30,405.882,0.0,23.641,synthetic,True,True,True,True
5,2026-03-01T01:15:00+05:30,392.345,0.0,23.513,synthetic,True,True,True,True
6,2026-03-01T01:30:00+05:30,384.512,0.0,23.326,synthetic,True,True,True,True
7,2026-03-01T01:45:00+05:30,383.487,0.0,24.318,synthetic,True,True,True,True
8,2026-03-01T02:00:00+05:30,404.864,0.0,24.697,synthetic,True,True,True,True
9,2026-03-01T02:15:00+05:30,403.807,0.0,24.854,synthetic,True,True,True,True
10,2026-03-01T02:30:00+05:30,390.571,0.0,24.285,synthetic,True,True,True,True
11,2026-03-01T02:45:00+05:30,392.774,0.0,24.858,synthetic,True,True,True,True
12,2026-03-01T03:00:00+05:30,391.831,0.0,25.319,synthetic,True,True,True,True
13,2026-03-01T03:15:00+05:30,383.773,0.0,25.773,synthetic,True,True,True,True
14,2026-03-01T03:30:00+05:30,374.165,0.0,25.418,synthetic,True,True,True,True
15,2026-03-01T03:45:00+05:30,368.251,0.0,25.818,synthetic,True,True,True,True
16,2026-03-01T04:00:00+05:30,363.225,0.0,26.322,synthetic,True,True,True,True
17,2026-03-01T04:15:00+05:30,372.466,0.0,26.694,synthetic,True,True,True,True
18,2026-03-01T04:30:00+05:30,387.201,0.0,26.597,synthetic,True,True,True,True
19,2026-03-01T04:45:00+05:30,393.023,0.0,26.451,synthetic,True,True,True,True
20,2026-03-01T05:00:00+05:30,366.422,0.0,26.876,synthetic,True,True,True,True
21,2026-03-01T05:15:00+05:30,374.736,0.0,26.273,synthetic,True,True,True,True
22,2026-03-01T05:30:00+05:30,387.821,0.0,27.013,synthetic,True,True,True,True
23,2026-03-01T05:45:00+05:30,382.511,0.0,27.061,synthetic,True,True,True,True
24,2026-03-01T06:00:00+05:30,485.856,0.0,27.706,synthetic,True,True,True,True
25,2026-03-01T06:15:00+05:30,492.492,0.0,28.026,synthetic,True,True,True,True
26,2026-03-01T06:30:00+05:30,487.677,0.349,27.955,synthetic,True,True,True,True
27,2026-03-01T06:45:00+05:30,486.691,17.704,27.699,synthetic,True,True,True,True
28,2026-03-01T07:00:00+05:30,471.978,64.516,27.503,synthetic,True,True,True,True
29,2026-03-01T07:15:00+05:30,466.428,120.485,27.112,synthetic,True,True,True,True
30,2026-03-01T07:30:00+05:30,478.222,178.398,27.608,synthetic,True,True,True,True
31,2026-03-01T07:45:00+05:30,490.891,233.217,27.378,synthetic,True,True,True,True
32,2026-03-01T08:00:00+05:30,488.332,298.634,26.987,synthetic,True,True,True,True
33,2026-03-01T08:15:00+05:30,491.092,363.665,27.42,synthetic,True,True,True,True
34,2026-03-01T08:30:00+05:30,520.036,423.841,27.976,synthetic,True,True,True,True
35,2026-03-01T08:45:00+05:30,537.129,472.543,27.922,synthetic,True,True,True,True
36,2026-03-01T09:00:00+05:30,550.216,517.849,28.09,synthetic,True,True,True,True
37,2026-03-01T09:15:00+05:30,534.549,569.6,28.14,synthetic,True,True,True,True
38,2026-03-01T09:30:00+05:30,570.767,636.975,28.759,synthetic,True,True,True,True
39,2026-03-01T09:45:00+05:30,571.456,690.327,29.617,synthetic,True,True,True,True
40,2026-03-01T10:00:00+05:30,417.063,738.196,29.738,synthetic,True,True,True,True
41,2026-03-01T10:15:00+05:30,394.942,749.803,30.225,synthetic,True,True,True,True
42,2026-03-01T10:30:00+05:30,381.209,760.01,30.622,synthetic,True,True,True,True
43,2026-03-01T10:45:00+05:30,383.532,816.175,31.262,synthetic,True,True,True,True
44,2026-03-01T11:00:00+05:30,395.569,836.805,31.73,synthetic,True,True,True,True
45,2026-03-01T11:15:00+05:30,396.405,854.076,32.065,synthetic,True,True,True,True
46,2026-03-01T11:30:00+05:30,403.821,886.0,32.61,synthetic,True,True,True,True
47,2026-03-01T11:45:00+05:30,405.599,886.849,32.966,synthetic,True,True,True,True
48,2026-03-01T12:00:00+05:30,428.77,889.458,33.394,synthetic,True,True,True,True
49,2026-03-01T12:15:00+05:30,438.58,897.416,33.978,synthetic,True,True,True,True
50,2026-03-01T12:30:00+05:30,410.542,884.033,33.814,synthetic,True,True,True,True
51,2026-03-01T12:45:00+05:30,399.816,893.267,33.924,synthetic,True,True,True,True
52,2026-03-01T13:00:00+05:30,401.146,889.252,33.722,synthetic,True,True,True,True
53,2026-03-01T13:15:00+05:30,384.504,843.783,33.755,synthetic,True,True,True,True
54,2026-03-01T13:30:00+05:30,399.613,819.927,34.568,synthetic,True,True,True,True
55,2026-03-01T13:45:00+05:30,410.716,801.756,35.681,synthetic,True,True,True,True
56,2026-03-01T14:00:00+05:30,419.444,736.331,34.94,synthetic,True,True,True,True
57,2026-03-01T14:15:00+05:30,442.765,732.808,34.702,synthetic,True,True,True,True
58,2026-03-01T14:30:00+05:30,421.007,701.54,35.33,synthetic,True,True,True,True
59,2026-03-01T14:45:00+05:30,410.593,641.928,34.759,synthetic,True,True,True,True
60,2026-03-01T15:00:00+05:30,398.879,612.394,34.921,synthetic,True,True,True,True
61,2026-03-01T15:15:00+05:30,403.6,587.33,34.72,synthetic,True,True,True,True
62,2026-03-01T15:30:00+05:30,377.712,566.114,34.881,synthetic,True,True,True,True
63,2026-03-01T15:45:00+05:30,366.316,502.695,35.095,synthetic,True,True,True,True
64,2026-03-01T16:00:00+05:30,385.593,450.951,35.819,synthetic,True,True,True,True
65,2026-03-01T16:15:00+05:30,393.842,377.728,36.03,synthetic,True,True,True,True
66,2026-03-01T16:30:00+05:30,391.771,296.954,35.761,synthetic,True,True,True,True
67,2026-03-01T16:45:00+05:30,374.326,246.855,35.797,synthetic,True,True,True,True
68,2026-03-01T17:00:00+05:30,379.523,202.927,35.882,synthetic,True,True,True,True
69,2026-03-01T17:15:00+05:30,382.99,155.919,35.705,synthetic,True,True,True,True
70,2026-03-01T17:30:00+05:30,395.105,101.621,35.673,synthetic,True,True,True,True
71,2026-03-01T17:45:00+05:30,392.231,51.021,35.172,synthetic,True,True,True,True
72,2026-03-01T18:00:00+05:30,527.492,12.089,34.761,synthetic,True,True,True,True
73,2026-03-01T18:15:00+05:30,547.156,0.064,34.476,synthetic,True,True,True,True
74,2026-03-01T18:30:00+05:30,535.665,0.0,33.803,synthetic,True,True,True,True
75,2026-03-01T18:45:00+05:30,542.584,0.0,33.2,synthetic,True,True,True,True
76,2026-03-01T19:00:00+05:30,545.627,0.0,32.255,synthetic,True,True,True,True
77,2026-03-01T19:15:00+05:30,534.562,0.0,31.415,synthetic,True,True,True,True
78,2026-03-01T19:30:00+05:30,560.135,0.0,30.055,synthetic,True,True,True,True
79,2026-03-01T19:45:00+05:30,557.316,0.0,29.843,synthetic,True,True,True,True
80,2026-03-01T20:00:00+05:30,549.572,0.0,29.931,synthetic,True,True,True,True
81,2026-03-01T20:15:00+05:30,559.331,0.0,29.758,synthetic,True,True,True,True
82,2026-03-01T20:30:00+05:30,553.46,0.0,29.37,synthetic,True,True,True,True
83,2026-03-01T20:45:00+05:30,563.273,0.0,29.968,synthetic,True,True,True,True
84,2026-03-01T21:00:00+05:30,579.54,0.0,29.893,synthetic,True,True,True,True
85,2026-03-01T21:15:00+05:30,559.599,0.0,28.866,synthetic,True,True,True,True
86,2026-03-01T21:30:00+05:30,579.684,0.0,28.179,synthetic,True,True,True,True
87,2026-03-01T21:45:00+05:30,572.936,0.0,27.678,synthetic,True,True,True,True
88,2026-03-01T22:00:00+05:30,425.257,0.0,27.425,synthetic,True,True,True,True
89,2026-03-01T22:15:00+05:30,414.21,0.0,26.973,synthetic,True,True,True,True
90,2026-03-01T22:30:00+05:30,399.7,0.0,26.459,synthetic,True,True,True,True
91,2026-03-01T22:45:00+05:30,412.376,0.0,25.613,synthetic,True,True,True,True
92,2026-03-01T23:00:00+05:30,417.739,0.0,25.021,synthetic,True,True,True,True
93,2026-03-01T23:15:00+05:30,417.203,0.0,23.498,synthetic,True,True,True,True
94,2026-03-01T23:30:00+05:30,409.965,0.0,23.008,synthetic,True,True,True,True
95,2026-03-01T23:45:00+05:30,412.984,0.0,22.456,synthetic,True,True,True,True
96,2026-03-02T00:00:00+05:30,410.961,0.0,22.353,synthetic,True,True,True,True
97,2026-03-02T00:15:00+05:30,421.49,0.0,21.987,synthetic,True,True,True,True
98,2026-03-02T00:30:00+05:30,421.467,0.0,21.859,synthetic,True,True,True,True
99,2026-03-02T00:45:00+05:30,427.828,0.0,21.884,synthetic,True,True,True,True
100,2026-03-02T01:00:00+05:30,427.166,0.0,22.806,synthetic,True,True,True,True
101,2026-03-02T01:15:00+05:30,419.507,0.0,22.875,synthetic,True,True,True,True
102,2026-03-02T01:30:00+05:30,420.166,0.0,22.887,synthetic,True,True,True,True
103,2026-03-02T01:45:00+05:30,426.937,0.0,22.926,synthetic,True,True,True,True
104,2026-03-02T02:00:00+05:30,427.759,0.0,23.122,synthetic,True,True,True,True
105,2026-03-02T02:15:00+05:30,451.225,0.0,22.712,synthetic,True,True,True,True
106,2026-03-02T02:30:00+05:30,434.115,0.0,22.415,synthetic,True,True,True,True
107,2026-03-02T02:45:00+05:30,415.989,0.0,21.535,synthetic,True,True,True,True
108,2026-03-02T03:00:00+05:30,424.681,0.0,21.627,synthetic,True,True,True,True
109,2026-03-02T03:15:00+05:30,418.133,0.0,22.572,synthetic,True,True,True,True
110,2026-03-02T03:30:00+05:30,422.13,0.0,23.532,synthetic,True,True,True,True
111,2026-03-02T03:45:00+05:30,418.607,0.0,23.86,synthetic,True,True,True,True
112,2026-03-02T04:00:00+05:30,404.651,0.0,24.052,synthetic,True,True,True,True
113,2026-03-02T04:15:00+05:30,407.589,0.0,23.355,synthetic,True,True,True,True
114,2026-03-02T04:30:00+05:30,405.981,0.0,23.735,synthetic,True,True,True,True
115,2026-03-02T04:45:00+05:30,417.969,0.0,24.213,synthetic,True,True,True,True
116,2026-03-02T05:00:00+05:30,417.269,0.0,24.312,synthetic,True,True,True,True
117,2026-03-02T05:15:00+05:30,426.863,0.0,23.702,synthetic,True,True,True,True
118,2026-03-02T05:30:00+05:30,408.097,0.0,23.631,synthetic,True,True,True,True
119,2026-03-02T05:45:00+05:30,411.335,0.0,24.336,synthetic,True,True,True,True
120,2026-03-02T06:00:00+05:30,702.219,0.0,24.958,synthetic,True,True,True,True
121,2026-03-02T06:15:00+05:30,760.975,0.0,24.641,synthetic,True,True,True,True
122,2026-03-02T06:30:00+05:30,739.727,0.435,24.749,synthetic,True,True,True,True
123,2026-03-02T06:45:00+05:30,705.496,18.026,25.04,synthetic,True,True,True,True
124,2026-03-02T07:00:00+05:30,683.16,60.817,25.533,synthetic,True,True,True,True
125,2026-03-02T07:15:00+05:30,657.198,116.097,25.84,synthetic,True,True,True,True
126,2026-03-02T07:30:00+05:30,658.096,177.354,26.333,synthetic,True,True,True,True
127,2026-03-02T07:45:00+05:30,662.527,242.87,26.82,synthetic,True,True,True,True
128,2026-03-02T08:00:00+05:30,655.421,302.679,27.203,synthetic,True,True,True,True
129,2026-03-02T08:15:00+05:30,639.841,355.915,27.395,synthetic,True,True,True,True
130,2026-03-02T08:30:00+05:30,657.224,400.115,29.142,synthetic,True,True,True,True
131,2026-03-02T08:45:00+05:30,651.48,465.532,29.912,synthetic,True,True,True,True
132,2026-03-02T09:00:00+05:30,645.908,528.991,29.884,synthetic,True,True,True,True
133,2026-03-02T09:15:00+05:30,676.131,602.325,30.032,synthetic,True,True,True,True
134,2026-03-02T09:30:00+05:30,660.503,656.754,29.96,synthetic,True,True,True,True
135,2026-03-02T09:45:00+05:30,671.606,705.047,29.393,synthetic,True,True,True,True
136,2026-03-02T10:00:00+05:30,380.056,745.039,30.098,synthetic,True,True,True,True
137,2026-03-02T10:15:00+05:30,376.31,752.921,30.222,synthetic,True,True,True,True
138,2026-03-02T10:30:00+05:30,381.824,772.29,31.379,synthetic,True,True,True,True
139,2026-03-02T10:45:00+05:30,362.338,787.305,31.812,synthetic,True,True,True,True
140,2026-03-02T11:00:00+05:30,383.533,810.214,31.792,synthetic,True,True,True,True
141,2026-03-02T11:15:00+05:30,365.524,804.492,32.429,synthetic,True,True,True,True
142,2026-03-02T11:30:00+05:30,367.573,832.745,32.287,synthetic,True,True,True,True
143,2026-03-02T11:45:00+05:30,383.168,847.369,32.861,synthetic,True,True,True,True
144,2026-03-02T12:00:00+05:30,375.504,748.293,33.064,synthetic,True,True,True,True
145,2026-03-02T12:15:00+05:30,377.209,778.117,32.678,synthetic,True,True,True,True
146,2026-03-02T12:30:00+05:30,377.395,819.129,32.966,synthetic,True,True,True,True
147,2026-03-02T12:45:00+05:30,377.612,816.439,32.487,synthetic,True,True,True,True
148,2026-03-02T13:00:00+05:30,391.381,837.607,32.709,synthetic,True,True,True,True
149,2026-03-02T13:15:00+05:30,408.104,825.282,32.508,synthetic,True,True,True,True
150,2026-03-02T13:30:00+05:30,421.916,838.07,32.952,synthetic,True,True,True,True
151,2026-03-02T13:45:00+05:30,422.055,786.824,32.207,synthetic,True,True,True,True
152,2026-03-02T14:00:00+05:30,423.941,782.179,32.622,synthetic,True,True,True,True
153,2026-03-02T14:15:00+05:30,439.591,754.387,33.051,synthetic,True,True,True,True
154,2026-03-02T14:30:00+05:30,441.558,718.846,33.067,synthetic,True,True,True,True
155,2026-03-02T14:45:00+05:30,434.213,690.96,33.372,synthetic,True,True,True,True
156,2026-03-02T15:00:00+05:30,429.09,641.108,33.697,synthetic,True,True,True,True
157,2026-03-02T15:15:00+05:30,420.348,611.348,34.005,synthetic,True,True,True,True
158,2026-03-02T15:30:00+05:30,441.314,571.599,33.91,synthetic,True,True,True,True
159,2026-03-02T15:45:00+05:30,439.595,495.631,33.091,synthetic,True,True,True,True
160,2026-03-02T16:00:00+05:30,419.166,432.452,32.822,synthetic,True,True,True,True
161,2026-03-02T16:15:00+05:30,432.733,367.921,32.781,synthetic,True,True,True,True
162,2026-03-02T16:30:00+05:30,429.611,325.292,32.704,synthetic,True,True,True,True
163,2026-03-02T16:45:00+05:30,443.363,278.733,32.462,synthetic,True,True,True,True
164,2026-03-02T17:00:00+05:30,429.079,209.325,32.643,synthetic,True,True,True,True
165,2026-03-02T17:15:00+05:30,423.924,150.962,32.344,synthetic,True,True,True,True
166,2026-03-02T17:30:00+05:30,402.991,90.258,32.296,synthetic,True,True,True,True
167,2026-03-02T17:45:00+05:30,407.413,48.234,32.641,synthetic,True,True,True,True
168,2026-03-02T18:00:00+05:30,694.514,10.559,32.473,synthetic,True,True,True,True
169,2026-03-02T18:15:00+05:30,693.66,0.066,31.683,synthetic,True,True,True,True
170,2026-03-02T18:30:00+05:30,663.448,0.0,31.076,synthetic,True,True,True,True
171,2026-03-02T18:45:00+05:30,702.634,0.0,31.236,synthetic,True,True,True,True
172,2026-03-02T19:00:00+05:30,657.614,0.0,31.271,synthetic,True,True,True,True
173,2026-03-02T19:15:00+05:30,634.94,0.0,31.066,synthetic,True,True,True,True
174,2026-03-02T19:30:00+05:30,665.878,0.0,30.876,synthetic,True,True,True,True
175,2026-03-02T19:45:00+05:30,655.166,0.0,30.909,synthetic,True,True,True,True
176,2026-03-02T20:00:00+05:30,634.525,0.0,31.095,synthetic,True,True,True,True
177,2026-03-02T20:15:00+05:30,677.065,0.0,30.677,synthetic,True,True,True,True
178,2026-03-02T20:30:00+05:30,677.189,0.0,30.015,synthetic,True,True,True,True
179,2026-03-02T20:45:00+05:30,678.149,0.0,29.195,synthetic,True,True,True,True
180,2026-03-02T21:00:00+05:30,714.239,0.0,28.513,synthetic,True,True,True,True
181,2026-03-02T21:15:00+05:30,669.453,0.0,27.63,synthetic,True,True,True,True
182,2026-03-02T21:30:00+05:30,659.905,0.0,27.754,synthetic,True,True,True,True
183,2026-03-02T21:45:00+05:30,649.597,0.0,27.527,synthetic,True,True,True,True
184,2026-03-02T22:00:00+05:30,377.437,0.0,27.524,synthetic,True,True,True,True
185,2026-03-02T22:15:00+05:30,383.683,0.0,26.139,synthetic,True,True,True,True
186,2026-03-02T22:30:00+05:30,368.005,0.0,25.856,synthetic,True,True,True,True
187,2026-03-02T22:45:00+05:30,365.46,0.0,25.826,synthetic,True,True,True,True
188,2026-03-02T23:00:00+05:30,393.441,0.0,25.804,synthetic,True,True,True,True
189,2026-03-02T23:15:00+05:30,389.526,0.0,25.448,synthetic,True,True,True,True
190,2026-03-02T23:30:00+05:30,359.643,0.0,25.184,synthetic,True,True,True,True
191,2026-03-02T23:45:00+05:30,370.886,0.0,24.755,synthetic,True,True,True,True
192,2026-03-03T00:00:00+05:30,390.288,0.0,24.545,synthetic,True,True,True,True
193,2026-03-03T00:15:00+05:30,402.772,0.0,24.439,synthetic,True,True,True,True
194,2026-03-03T00:30:00+05:30,389.68,0.0,24.184,synthetic,True,True,True,True
195,2026-03-03T00:45:00+05:30,399.576,0.0,24.358,synthetic,True,True,True,True
196,2026-03-03T01:00:00+05:30,393.15,0.0,24.651,synthetic,True,True,True,True
197,2026-03-03T01:15:00+05:30,402.206,0.0,23.725,synthetic,True,True,True,True
198,2026-03-03T01:30:00+05:30,399.015,0.0,23.286,synthetic,True,True,True,True
199,2026-03-03T01:45:00+05:30,410.056,0.0,22.77,synthetic,True,True,True,True
200,2026-03-03T02:00:00+05:30,397.142,0.0,22.666,synthetic,True,True,True,True
201,2026-03-03T02:15:00+05:30,399.618,0.0,22.341,synthetic,True,True,True,True
202,2026-03-03T02:30:00+05:30,399.737,0.0,22.993,synthetic,True,True,True,True
203,2026-03-03T02:45:00+05:30,412.844,0.0,23.119,synthetic,True,True,True,True
204,2026-03-03T03:00:00+05:30,408.559,0.0,23.223,synthetic,True,True,True,True
205,2026-03-03T03:15:00+05:30,406.64,0.0,22.994,synthetic,True,True,True,True
206,2026-03-03T03:30:00+05:30,396.166,0.0,22.97,synthetic,True,True,True,True
207,2026-03-03T03:45:00+05:30,367.618,0.0,23.528,synthetic,True,True,True,True
208,2026-03-03T04:00:00+05:30,390.919,0.0,23.531,synthetic,True,True,True,True
209,2026-03-03T04:15:00+05:30,383.508,0.0,24.335,synthetic,True,True,True,True
210,2026-03-03T04:30:00+05:30,385.318,0.0,23.899,synthetic,True,True,True,True
211,2026-03-03T04:45:00+05:30,395.732,0.0,23.684,synthetic,True,True,True,True
212,2026-03-03T05:00:00+05:30,398.839,0.0,23.259,synthetic,True,True,True,True
213,2026-03-03T05:15:00+05:30,392.743,0.0,23.301,synthetic,True,True,True,True
214,2026-03-03T05:30:00+05:30,390.218,0.0,23.873,synthetic,True,True,True,True
215,2026-03-03T05:45:00+05:30,364.198,0.0,24.802,synthetic,True,True,True,True
216,2026-03-03T06:00:00+05:30,709.206,0.0,24.502,synthetic,True,True,True,True
217,2026-03-03T06:15:00+05:30,712.789,0.0,24.728,synthetic,True,True,True,True
218,2026-03-03T06:30:00+05:30,698.036,0.585,25.471,synthetic,True,True,True,True
219,2026-03-03T06:45:00+05:30,700.397,19.593,25.989,synthetic,True,True,True,True
220,2026-03-03T07:00:00+05:30,713.074,67.065,26.691,synthetic,True,True,True,True
221,2026-03-03T07:15:00+05:30,698.252,125.618,26.887,synthetic,True,True,True,True
222,2026-03-03T07:30:00+05:30,707.223,187.002,27.381,synthetic,True,True,True,True
223,2026-03-03T07:45:00+05:30,721.127,248.63,27.407,synthetic,True,True,True,True
224,2026-03-03T08:00:00+05:30,715.526,314.337,27.629,synthetic,True,True,True,True
225,2026-03-03T08:15:00+05:30,714.641,376.8,27.552,synthetic,True,True,True,True
226,2026-03-03T08:30:00+05:30,689.904,442.466,28.049,synthetic,True,True,True,True
227,2026-03-03T08:45:00+05:30,667.354,502.676,28.001,synthetic,True,True,True,True
228,2026-03-03T09:00:00+05:30,673.972,552.309,28.489,synthetic,True,True,True,True
229,2026-03-03T09:15:00+05:30,700.954,599.788,28.921,synthetic,True,True,True,True
230,2026-03-03T09:30:00+05:30,686.036,642.111,29.328,synthetic,True,True,True,True
231,2026-03-03T09:45:00+05:30,696.762,694.85,29.841,synthetic,True,True,True,True
232,2026-03-03T10:00:00+05:30,373.296,735.507,29.334,synthetic,True,True,True,True
233,2026-03-03T10:15:00+05:30,392.346,775.299,29.866,synthetic,True,True,True,True
234,2026-03-03T10:30:00+05:30,390.811,813.1,30.375,synthetic,True,True,True,True
235,2026-03-03T10:45:00+05:30,403.106,872.471,31.302,synthetic,True,True,True,True
236,2026-03-03T11:00:00+05:30,409.316,902.462,32.028,synthetic,True,True,True,True
237,2026-03-03T11:15:00+05:30,427.269,938.5,32.581,synthetic,True,True,True,True
238,2026-03-03T11:30:00+05:30,446.72,952.014,33.355,synthetic,True,True,True,True
239,2026-03-03T11:45:00+05:30,440.122,966.7,33.823,synthetic,True,True,True,True
240,2026-03-03T12:00:00+05:30,440.162,960.747,33.904,synthetic,True,True,True,True
241,2026-03-03T12:15:00+05:30,430.62,978.071,34.209,synthetic,True,True,True,True
242,2026-03-03T12:30:00+05:30,430.608,968.084,33.801,synthetic,True,True,True,True
243,2026-03-03T12:45:00+05:30,424.249,980.465,34.112,synthetic,True,True,True,True
244,2026-03-03T13:00:00+05:30,396.108,971.577,34.102,synthetic,True,True,True,True
245,2026-03-03T13:15:00+05:30,415.734,958.852,33.94,synthetic,True,True,True,True
246,2026-03-03T13:30:00+05:30,405.364,931.168,33.3,synthetic,True,True,True,True
247,2026-03-03T13:45:00+05:30,415.273,903.704,32.961,synthetic,True,True,True,True
248,2026-03-03T14:00:00+05:30,418.447,875.182,33.223,synthetic,True,True,True,True
249,2026-03-03T14:15:00+05:30,401.1,839.391,33.619,synthetic,True,True,True,True
250,2026-03-03T14:30:00+05:30,412.272,799.251,34.285,synthetic,True,True,True,True
251,2026-03-03T14:45:00+05:30,404.854,734.607,34.323,synthetic,True,True,True,True
252,2026-03-03T15:00:00+05:30,397.934,688.015,35.194,synthetic,True,True,True,True
253,2026-03-03T15:15:00+05:30,391.091,637.872,35.472,synthetic,True,True,True,True
254,2026-03-03T15:30:00+05:30,388.338,569.619,35.753,synthetic,True,True,True,True
255,2026-03-03T15:45:00+05:30,374.665,524.102,36.305,synthetic,True,True,True,True
256,2026-03-03T16:00:00+05:30,357.646,474.946,35.756,synthetic,True,True,True,True
257,2026-03-03T16:15:00+05:30,354.471,417.288,35.529,synthetic,True,True,True,True
258,2026-03-03T16:30:00+05:30,382.202,360.503,35.675,synthetic,True,True,True,True
259,2026-03-03T16:45:00+05:30,398.09,299.245,36.258,synthetic,True,True,True,True
260,2026-03-03T17:00:00+05:30,383.867,235.261,36.205,synthetic,True,True,True,True
261,2026-03-03T17:15:00+05:30,391.609,174.954,36.331,synthetic,True,True,True,True
262,2026-03-03T17:30:00+05:30,398.941,113.708,35.661,synthetic,True,True,True,True
263,2026-03-03T17:45:00+05:30,383.16,55.259,35.157,synthetic,True,True,True,True
264,2026-03-03T18:00:00+05:30,679.599,13.131,35.454,synthetic,True,True,True,True
265,2026-03-03T18:15:00+05:30,692.077,0.087,35.308,synthetic,True,True,True,True
266,2026-03-03T18:30:00+05:30,694.87,0.0,34.243,synthetic,True,True,True,True
267,2026-03-03T18:45:00+05:30,699.917,0.0,33.889,synthetic,True,True,True,True
268,2026-03-03T19:00:00+05:30,665.177,0.0,33.343,synthetic,True,True,True,True
269,2026-03-03T19:15:00+05:30,651.68,0.0,32.96,synthetic,True,True,True,True
270,2026-03-03T19:30:00+05:30,657.575,0.0,32.032,synthetic,True,True,True,True
271,2026-03-03T19:45:00+05:30,690.441,0.0,31.799,synthetic,True,True,True,True
272,2026-03-03T20:00:00+05:30,695.306,0.0,31.009,synthetic,True,True,True,True
273,2026-03-03T20:15:00+05:30,680.544,0.0,30.676,synthetic,True,True,True,True
274,2026-03-03T20:30:00+05:30,664.152,0.0,29.955,synthetic,True,True,True,True
275,2026-03-03T20:45:00+05:30,690.111,0.0,29.146,synthetic,True,True,True,True
276,2026-03-03T21:00:00+05:30,682.48,0.0,28.62,synthetic,True,True,True,True
277,2026-03-03T21:15:00+05:30,664.84,0.0,28.232,synthetic,True,True,True,True
278,2026-03-03T21:30:00+05:30,648.149,0.0,27.954,synthetic,True,True,True,True
279,2026-03-03T21:45:00+05:30,645.117,0.0,27.839,synthetic,True,True,True,True
280,2026-03-03T22:00:00+05:30,356.621,0.0,26.726,synthetic,True,True,True,True
281,2026-03-03T22:15:00+05:30,369.824,0.0,26.172,synthetic,True,True,True,True
282,2026-03-03T22:30:00+05:30,379.058,0.0,25.985,synthetic,True,True,True,True
283,2026-03-03T22:45:00+05:30,399.919,0.0,26.094,synthetic,True,True,True,True
284,2026-03-03T23:00:00+05:30,406.016,0.0,25.488,synthetic,True,True,True,True
285,2026-03-03T23:15:00+05:30,395.835,0.0,25.435,synthetic,True,True,True,True
286,2026-03-03T23:30:00+05:30,410.99,0.0,25.298,synthetic,True,True,True,True
287,2026-03-03T23:45:00+05:30,401.197,0.0,25.169,synthetic,True,True,True,True
288,2026-03-04T00:00:00+05:30,415.441,0.0,25.073,synthetic,True,True,True,True
289,2026-03-04T00:15:00+05:30,421.125,0.0,25.235,synthetic,True,True,True,True
290,2026-03-04T00:30:00+05:30,418.19,0.0,25.562,synthetic,True,True,True,True
291,2026-03-04T00:45:00+05:30,408.74,0.0,25.432,synthetic,True,True,True,True
292,2026-03-04T01:00:00+05:30,419.149,0.0,25.22,synthetic,True,True,True,True
293,2026-03-04T01:15:00+05:30,399.029,0.0,24.731,synthetic,True,True,True,True
294,2026-03-04T01:30:00+05:30,398.539,0.0,24.424,synthetic,True,True,True,True
295,2026-03-04T01:45:00+05:30,395.146,0.0,24.011,synthetic,True,True,True,True
296,2026-03-04T02:00:00+05:30,400.011,0.0,23.444,synthetic,True,True,True,True
297,2026-03-04T02:15:00+05:30,427.997,0.0,23.116,synthetic,True,True,True,True
298,2026-03-04T02:30:00+05:30,438.305,0.0,21.877,synthetic,True,True,True,True
299,2026-03-04T02:45:00+05:30,439.759,0.0,22.488,synthetic,True,True,True,True
300,2026-03-04T03:00:00+05:30,429.933,0.0,21.917,synthetic,True,True,True,True
301,2026-03-04T03:15:00+05:30,418.277,0.0,21.787,synthetic,True,True,True,True
302,2026-03-04T03:30:00+05:30,422.369,0.0,22.064,synthetic,True,True,True,True
303,2026-03-04T03:45:00+05:30,419.577,0.0,22.1,synthetic,True,True,True,True
304,2026-03-04T04:00:00+05:30,420.821,0.0,22.283,synthetic,True,True,True,True
305,2026-03-04T04:15:00+05:30,413.833,0.0,22.45,synthetic,True,True,True,True
306,2026-03-04T04:30:00+05:30,407.894,0.0,22.796,synthetic,True,True,True,True
307,2026-03-04T04:45:00+05:30,402.875,0.0,23.918,synthetic,True,True,True,True
308,2026-03-04T05:00:00+05:30,398.419,0.0,23.968,synthetic,True,True,True,True
309,2026-03-04T05:15:00+05:30,382.984,0.0,24.055,synthetic,True,True,True,True
310,2026-03-04T05:30:00+05:30,389.959,0.0,24.134,synthetic,True,True,True,True
311,2026-03-04T05:45:00+05:30,399.531,0.0,23.94,synthetic,True,True,True,True
312,2026-03-04T06:00:00+05:30,742.186,0.0,24.72,synthetic,True,True,True,True
313,2026-03-04T06:15:00+05:30,761.436,0.0,24.366,synthetic,True,True,True,True
314,2026-03-04T06:30:00+05:30,733.347,0.659,24.774,synthetic,True,True,True,True
315,2026-03-04T06:45:00+05:30,729.342,18.919,25.166,synthetic,True,True,True,True
316,2026-03-04T07:00:00+05:30,709.104,63.915,24.856,synthetic,True,True,True,True
317,2026-03-04T07:15:00+05:30,704.647,118.566,24.87,synthetic,True,True,True,True
318,2026-03-04T07:30:00+05:30,670.943,180.007,24.813,synthetic,True,True,True,True
319,2026-03-04T07:45:00+05:30,673.9,243.941,26.036,synthetic,True,True,True,True
320,2026-03-04T08:00:00+05:30,645.31,307.262,26.949,synthetic,True,True,True,True
321,2026-03-04T08:15:00+05:30,623.921,361.072,27.402,synthetic,True,True,True,True
322,2026-03-04T08:30:00+05:30,648.952,414.549,28.035,synthetic,True,True,True,True
323,2026-03-04T08:45:00+05:30,637.435,477.476,28.509,synthetic,True,True,True,True
324,2026-03-04T09:00:00+05:30,617.663,526.187,28.717,synthetic,True,True,True,True
325,2026-03-04T09:15:00+05:30,639.258,586.72,29.731,synthetic,True,True,True,True
326,2026-03-04T09:30:00+05:30,632.191,580.822,29.984,synthetic,True,True,True,True
327,2026-03-04T09:45:00+05:30,614.2,617.995,30.811,synthetic,True,True,True,True
328,2026-03-04T10:00:00+05:30,354.908,679.214,30.975,synthetic,True,True,True,True
329,2026-03-04T10:15:00+05:30,346.432,703.423,31.375,synthetic,True,True,True,True
330,2026-03-04T10:30:00+05:30,378.302,723.797,30.578,synthetic,True,True,True,True
331,2026-03-04T10:45:00+05:30,407.199,770.04,30.897,synthetic,True,True,True,True
332,2026-03-04T11:00:00+05:30,393.829,803.156,31.468,synthetic,True,True,True,True
333,2026-03-04T11:15:00+05:30,390.649,849.05,31.382,synthetic,True,True,True,True
334,2026-03-04T11:30:00+05:30,387.437,870.727,31.567,synthetic,True,True,True,True
335,2026-03-04T11:45:00+05:30,391.584,875.562,31.615,synthetic,True,True,True,True
336,2026-03-04T12:00:00+05:30,404.919,855.451,32.439,synthetic,True,True,True,True
337,2026-03-04T12:15:00+05:30,392.999,903.392,32.993,synthetic,True,True,True,True
338,2026-03-04T12:30:00+05:30,402.422,911.934,32.986,synthetic,True,True,True,True
339,2026-03-04T12:45:00+05:30,386.954,882.04,32.969,synthetic,True,True,True,True
340,2026-03-04T13:00:00+05:30,385.713,835.288,33.653,synthetic,True,True,True,True
341,2026-03-04T13:15:00+05:30,403.859,842.575,33.818,synthetic,True,True,True,True
342,2026-03-04T13:30:00+05:30,377.983,854.365,33.813,synthetic,True,True,True,True
343,2026-03-04T13:45:00+05:30,389.472,845.429,34.687,synthetic,True,True,True,True
344,2026-03-04T14:00:00+05:30,388.797,841.15,34.495,synthetic,True,True,True,True
345,2026-03-04T14:15:00+05:30,382.561,782.204,34.225,synthetic,True,True,True,True
346,2026-03-04T14:30:00+05:30,398.429,737.377,33.036,synthetic,True,True,True,True
347,2026-03-04T14:45:00+05:30,394.082,693.584,33.263,synthetic,True,True,True,True
348,2026-03-04T15:00:00+05:30,384.648,632.775,33.481,synthetic,True,True,True,True
349,2026-03-04T15:15:00+05:30,380.98,549.053,33.545,synthetic,True,True,True,True
350,2026-03-04T15:30:00+05:30,378.926,511.444,33.878,synthetic,True,True,True,True
351,2026-03-04T15:45:00+05:30,395.111,466.053,34.013,synthetic,True,True,True,True
352,2026-03-04T16:00:00+05:30,404.651,382.497,33.346,synthetic,True,True,True,True
353,2026-03-04T16:15:00+05:30,405.501,341.352,33.757,synthetic,True,True,True,True
354,2026-03-04T16:30:00+05:30,412.033,311.298,33.366,synthetic,True,True,True,True
355,2026-03-04T16:45:00+05:30,416.498,262.265,33.263,synthetic,True,True,True,True
356,2026-03-04T17:00:00+05:30,415.239,192.33,33.113,synthetic,True,True,True,True
357,2026-03-04T17:15:00+05:30,401.961,145.274,33.117,synthetic,True,True,True,True
358,2026-03-04T17:30:00+05:30,415.044,97.692,32.557,synthetic,True,True,True,True
359,2026-03-04T17:45:00+05:30,411.954,42.835,32.587,synthetic,True,True,True,True
360,2026-03-04T18:00:00+05:30,711.97,11.715,32.599,synthetic,True,True,True,True
361,2026-03-04T18:15:00+05:30,685.7,0.085,31.733,synthetic,True,True,True,True
362,2026-03-04T18:30:00+05:30,714.883,0.0,32.391,synthetic,True,True,True,True
363,2026-03-04T18:45:00+05:30,696.453,0.0,31.961,synthetic,True,True,True,True
364,2026-03-04T19:00:00+05:30,724.422,0.0,32.348,synthetic,True,True,True,True
365,2026-03-04T19:15:00+05:30,687.423,0.0,31.529,synthetic,True,True,True,True
366,2026-03-04T19:30:00+05:30,678.05,0.0,30.903,synthetic,True,True,True,True
367,2026-03-04T19:45:00+05:30,691.587,0.0,30.588,synthetic,True,True,True,True
368,2026-03-04T20:00:00+05:30,699.704,0.0,30.446,synthetic,True,True,True,True
369,2026-03-04T20:15:00+05:30,684.007,0.0,30.096,synthetic,True,True,True,True
370,2026-03-04T20:30:00+05:30,723.213,0.0,29.653,synthetic,True,True,True,True
371,2026-03-04T20:45:00+05:30,702.061,0.0,28.64,synthetic,True,True,True,True
372,2026-03-04T21:00:00+05:30,708.061,0.0,27.792,synthetic,True,True,True,True
373,2026-03-04T21:15:00+05:30,713.266,0.0,27.294,synthetic,True,True,True,True
374,2026-03-04T21:30:00+05:30,717.312,0.0,26.932,synthetic,True,True,True,True
375,2026-03-04T21:45:00+05:30,700.99,0.0,27.028,synthetic,True,True,True,True
376,2026-03-04T22:00:00+05:30,380.339,0.0,26.384,synthetic,True,True,True,True
377,2026-03-04T22:15:00+05:30,374.07,0.0,25.859,synthetic,True,True,True,True
378,2026-03-04T22:30:00+05:30,387.871,0.0,25.814,synthetic,True,True,True,True
379,2026-03-04T22:45:00+05:30,407.67,0.0,25.374,synthetic,True,True,True,True
380,2026-03-04T23:00:00+05:30,431.239,0.0,24.699,synthetic,True,True,True,True
381,2026-03-04T23:15:00+05:30,416.989,0.0,25.834,synthetic,True,True,True,True
382,2026-03-04T23:30:00+05:30,402.286,0.0,25.122,synthetic,True,True,True,True
383,2026-03-04T23:45:00+05:30,400.596,0.0,23.955,synthetic,True,True,True,True
384,2026-03-05T00:00:00+05:30,389.522,0.0,23.68,synthetic,True,True,True,True
385,2026-03-05T00:15:00+05:30,398.037,0.0,23.197,synthetic,True,True,True,True
386,2026-03-05T00:30:00+05:30,402.049,0.0,23.648,synthetic,True,True,True,True
387,2026-03-05T00:45:00+05:30,387.447,0.0,23.066,synthetic,True,True,True,True
388,2026-03-05T01:00:00+05:30,383.959,0.0,22.778,synthetic,True,True,True,True
389,2026-03-05T01:15:00+05:30,376.944,0.0,22.335,synthetic,True,True,True,True
390,2026-03-05T01:30:00+05:30,361.874,0.0,23.22,synthetic,True,True,True,True
391,2026-03-05T01:45:00+05:30,368.304,0.0,23.126,synthetic,True,True,True,True
392,2026-03-05T02:00:00+05:30,385.127,0.0,22.715,synthetic,True,True,True,True
393,2026-03-05T02:15:00+05:30,372.63,0.0,22.437,synthetic,True,True,True,True
394,2026-03-05T02:30:00+05:30,378.66,0.0,22.37,synthetic,True,True,True,True
395,2026-03-05T02:45:00+05:30,387.727,0.0,23.111,synthetic,True,True,True,True
396,2026-03-05T03:00:00+05:30,393.968,0.0,23.121,synthetic,True,True,True,True
397,2026-03-05T03:15:00+05:30,385.965,0.0,22.96,synthetic,True,True,True,True
398,2026-03-05T03:30:00+05:30,355.738,0.0,22.71,synthetic,True,True,True,True
399,2026-03-05T03:45:00+05:30,370.652,0.0,22.669,synthetic,True,True,True,True
400,2026-03-05T04:00:00+05:30,375.386,0.0,23.051,synthetic,True,True,True,True
401,2026-03-05T04:15:00+05:30,366.527,0.0,22.084,synthetic,True,True,True,True
402,2026-03-05T04:30:00+05:30,375.826,0.0,22.572,synthetic,True,True,True,True
403,2026-03-05T04:45:00+05:30,371.618,0.0,23.48,synthetic,True,True,True,True
404,2026-03-05T05:00:00+05:30,374.508,0.0,23.672,synthetic,True,True,True,True
405,2026-03-05T05:15:00+05:30,378.145,0.0,24.066,synthetic,True,True,True,True
406,2026-03-05T05:30:00+05:30,361.169,0.0,24.123,synthetic,True,True,True,True
407,2026-03-05T05:45:00+05:30,373.498,0.0,24.627,synthetic,True,True,True,True
408,2026-03-05T06:00:00+05:30,655.505,0.0,25.089,synthetic,True,True,True,True
409,2026-03-05T06:15:00+05:30,663.458,0.0,25.662,synthetic,True,True,True,True
410,2026-03-05T06:30:00+05:30,637.386,0.834,26.24,synthetic,True,True,True,True
411,2026-03-05T06:45:00+05:30,677.941,20.061,26.363,synthetic,True,True,True,True
412,2026-03-05T07:00:00+05:30,643.093,64.908,26.293,synthetic,True,True,True,True
413,2026-03-05T07:15:00+05:30,630.537,118.689,27.142,synthetic,True,True,True,True
414,2026-03-05T07:30:00+05:30,615.324,172.659,27.904,synthetic,True,True,True,True
415,2026-03-05T07:45:00+05:30,637.875,236.305,28.152,synthetic,True,True,True,True
416,2026-03-05T08:00:00+05:30,633.88,257.334,28.622,synthetic,True,True,True,True
417,2026-03-05T08:15:00+05:30,654.578,349.899,28.665,synthetic,True,True,True,True
418,2026-03-05T08:30:00+05:30,656.04,417.644,29.545,synthetic,True,True,True,True
419,2026-03-05T08:45:00+05:30,681.417,483.89,29.572,synthetic,True,True,True,True
420,2026-03-05T09:00:00+05:30,707.015,526.864,30.075,synthetic,True,True,True,True
421,2026-03-05T09:15:00+05:30,713.795,583.163,30.276,synthetic,True,True,True,True
422,2026-03-05T09:30:00+05:30,738.366,625.764,30.342,synthetic,True,True,True,True
423,2026-03-05T09:45:00+05:30,730.171,665.868,30.85,synthetic,True,True,True,True
424,2026-03-05T10:00:00+05:30,414.082,727.195,30.969,synthetic,True,True,True,True
425,2026-03-05T10:15:00+05:30,395.657,758.796,32.478,synthetic,True,True,True,True
426,2026-03-05T10:30:00+05:30,392.953,780.9,32.222,synthetic,True,True,True,True
427,2026-03-05T10:45:00+05:30,396.992,831.201,32.09,synthetic,True,True,True,True
428,2026-03-05T11:00:00+05:30,406.844,828.471,32.105,synthetic,True,True,True,True
429,2026-03-05T11:15:00+05:30,389.518,862.145,32.393,synthetic,True,True,True,True
430,2026-03-05T11:30:00+05:30,398.91,879.287,32.361,synthetic,True,True,True,True
431,2026-03-05T11:45:00+05:30,406.156,900.657,32.668,synthetic,True,True,True,True
432,2026-03-05T12:00:00+05:30,389.767,880.825,33.012,synthetic,True,True,True,True
433,2026-03-05T12:15:00+05:30,383.322,863.294,33.38,synthetic,True,True,True,True
434,2026-03-05T12:30:00+05:30,381.014,885.878,33.333,synthetic,True,True,True,True
435,2026-03-05T12:45:00+05:30,374.979,882.195,33.546,synthetic,True,True,True,True
436,2026-03-05T13:00:00+05:30,391.53,871.743,34.051,synthetic,True,True,True,True
437,2026-03-05T13:15:00+05:30,386.578,866.155,34.855,synthetic,True,True,True,True
438,2026-03-05T13:30:00+05:30,402.84,854.533,34.671,synthetic,True,True,True,True
439,2026-03-05T13:45:00+05:30,405.936,793.384,35.595,synthetic,True,True,True,True
440,2026-03-05T14:00:00+05:30,416.81,734.533,35.393,synthetic,True,True,True,True
441,2026-03-05T14:15:00+05:30,408.251,674.905,34.887,synthetic,True,True,True,True
442,2026-03-05T14:30:00+05:30,388.659,645.645,34.289,synthetic,True,True,True,True
443,2026-03-05T14:45:00+05:30,365.541,670.396,34.491,synthetic,True,True,True,True
444,2026-03-05T15:00:00+05:30,367.006,658.442,35.008,synthetic,True,True,True,True
445,2026-03-05T15:15:00+05:30,380.095,586.689,35.201,synthetic,True,True,True,True
446,2026-03-05T15:30:00+05:30,375.518,524.19,34.901,synthetic,True,True,True,True
447,2026-03-05T15:45:00+05:30,377.627,474.083,34.678,synthetic,True,True,True,True
448,2026-03-05T16:00:00+05:30,357.986,398.667,34.368,synthetic,True,True,True,True
449,2026-03-05T16:15:00+05:30,371.771,370.256,34.618,synthetic,True,True,True,True
450,2026-03-05T16:30:00+05:30,359.065,335.491,34.72,synthetic,True,True,True,True
451,2026-03-05T16:45:00+05:30,356.031,278.959,34.309,synthetic,True,True,True,True
452,2026-03-05T17:00:00+05:30,368.288,215.678,34.763,synthetic,True,True,True,True
453,2026-03-05T17:15:00+05:30,365.013,149.907,34.227,synthetic,True,True,True,True
454,2026-03-05T17:30:00+05:30,370.947,101.375,34.24,synthetic,True,True,True,True
455,2026-03-05T17:45:00+05:30,365.732,52.518,33.089,synthetic,True,True,True,True
456,2026-03-05T18:00:00+05:30,660.331,12.998,32.493,synthetic,True,True,True,True
457,2026-03-05T18:15:00+05:30,651.985,0.105,32.434,synthetic,True,True,True,True
458,2026-03-05T18:30:00+05:30,647.191,0.0,32.071,synthetic,True,True,True,True
459,2026-03-05T18:45:00+05:30,638.173,0.0,32.581,synthetic,True,True,True,True
460,2026-03-05T19:00:00+05:30,695.556,0.0,32.203,synthetic,True,True,True,True
461,2026-03-05T19:15:00+05:30,685.554,0.0,32.052,synthetic,True,True,True,True
462,2026-03-05T19:30:00+05:30,688.952,0.0,31.356,synthetic,True,True,True,True
463,2026-03-05T19:45:00+05:30,687.089,0.0,31.253,synthetic,True,True,True,True
464,2026-03-05T20:00:00+05:30,709.152,0.0,30.737,synthetic,True,True,True,True
465,2026-03-05T20:15:00+05:30,714.847,0.0,30.709,synthetic,True,True,True,True
466,2026-03-05T20:30:00+05:30,685.714,0.0,30.266,synthetic,True,True,True,True
467,2026-03-05T20:45:00+05:30,676.908,0.0,29.48,synthetic,True,True,True,True
468,2026-03-05T21:00:00+05:30,672.413,0.0,29.085,synthetic,True,True,True,True
469,2026-03-05T21:15:00+05:30,659.459,0.0,28.32,synthetic,True,True,True,True
470,2026-03-05T21:30:00+05:30,710.111,0.0,27.766,synthetic,True,True,True,True
471,2026-03-05T21:45:00+05:30,704.453,0.0,27.461,synthetic,True,True,True,True
472,2026-03-05T22:00:00+05:30,412.689,0.0,27.118,synthetic,True,True,True,True
473,2026-03-05T22:15:00+05:30,399.683,0.0,26.437,synthetic,True,True,True,True
474,2026-03-05T22:30:00+05:30,402.724,0.0,26.354,synthetic,True,True,True,True
475,2026-03-05T22:45:00+05:30,402.946,0.0,26.393,synthetic,True,True,True,True
476,2026-03-05T23:00:00+05:30,387.835,0.0,26.602,synthetic,True,True,True,True
477,2026-03-05T23:15:00+05:30,372.171,0.0,26.104,synthetic,True,True,True,True
478,2026-03-05T23:30:00+05:30,371.338,0.0,26.205,synthetic,True,True,True,True
479,2026-03-05T23:45:00+05:30,377.681,0.0,25.651,synthetic,True,True,True,True
480,2026-03-06T00:00:00+05:30,370.092,0.0,25.766,synthetic,True,True,True,True
481,2026-03-06T00:15:00+05:30,367.268,0.0,25.762,synthetic,True,True,True,True
482,2026-03-06T00:30:00+05:30,358.651,0.0,25.517,synthetic,True,True,True,True
483,2026-03-06T00:45:00+05:30,372.1,0.0,25.001,synthetic,True,True,True,True
484,2026-03-06T01:00:00+05:30,391.655,0.0,25.706,synthetic,True,True,True,True
485,2026-03-06T01:15:00+05:30,396.824,0.0,25.335,synthetic,True,True,True,True
486,2026-03-06T01:30:00+05:30,393.762,0.0,24.679,synthetic,True,True,True,True
487,2026-03-06T01:45:00+05:30,405.644,0.0,24.038,synthetic,True,True,True,True
488,2026-03-06T02:00:00+05:30,395.494,0.0,23.676,synthetic,True,True,True,True
489,2026-03-06T02:15:00+05:30,390.141,0.0,23.951,synthetic,True,True,True,True
490,2026-03-06T02:30:00+05:30,400.879,0.0,23.812,synthetic,True,True,True,True
491,2026-03-06T02:45:00+05:30,397.94,0.0,23.232,synthetic,True,True,True,True
492,2026-03-06T03:00:00+05:30,388.03,0.0,22.398,synthetic,True,True,True,True
493,2026-03-06T03:15:00+05:30,376.521,0.0,21.779,synthetic,True,True,True,True
494,2026-03-06T03:30:00+05:30,374.664,0.0,22.11,synthetic,True,True,True,True
495,2026-03-06T03:45:00+05:30,381.289,0.0,21.98,synthetic,True,True,True,True
496,2026-03-06T04:00:00+05:30,387.427,0.0,22.265,synthetic,True,True,True,True
497,2026-03-06T04:15:00+05:30,388.514,0.0,23.065,synthetic,True,True,True,True
498,2026-03-06T04:30:00+05:30,370.666,0.0,22.817,synthetic,True,True,True,True
499,2026-03-06T04:45:00+05:30,359.28,0.0,23.905,synthetic,True,True,True,True
500,2026-03-06T05:00:00+05:30,347.382,0.0,24.894,synthetic,True,True,True,True
501,2026-03-06T05:15:00+05:30,337.711,0.0,24.879,synthetic,True,True,True,True
502,2026-03-06T05:30:00+05:30,339.28,0.0,25.196,synthetic,True,True,True,True
503,2026-03-06T05:45:00+05:30,352.346,0.0,25.481,synthetic,True,True,True,True
504,2026-03-06T06:00:00+05:30,618.508,0.0,25.674,synthetic,True,True,True,True
505,2026-03-06T06:15:00+05:30,656.204,0.0,25.355,synthetic,True,True,True,True
506,2026-03-06T06:30:00+05:30,652.313,1.069,25.743,synthetic,True,True,True,True
507,2026-03-06T06:45:00+05:30,684.655,21.262,26.231,synthetic,True,True,True,True
508,2026-03-06T07:00:00+05:30,674.351,61.164,26.38,synthetic,True,True,True,True
509,2026-03-06T07:15:00+05:30,662.101,113.506,27.201,synthetic,True,True,True,True
510,2026-03-06T07:30:00+05:30,674.336,167.01,27.522,synthetic,True,True,True,True
511,2026-03-06T07:45:00+05:30,686.44,214.032,28.396,synthetic,True,True,True,True
512,2026-03-06T08:00:00+05:30,661.647,256.521,28.954,synthetic,True,True,True,True
513,2026-03-06T08:15:00+05:30,678.865,292.422,28.76,synthetic,True,True,True,True
514,2026-03-06T08:30:00+05:30,664.763,356.84,29.045,synthetic,True,True,True,True
515,2026-03-06T08:45:00+05:30,675.859,412.426,29.194,synthetic,True,True,True,True
516,2026-03-06T09:00:00+05:30,702.962,460.918,30.074,synthetic,True,True,True,True
517,2026-03-06T09:15:00+05:30,722.258,523.979,30.386,synthetic,True,True,True,True
518,2026-03-06T09:30:00+05:30,749.959,595.098,31.766,synthetic,True,True,True,True
519,2026-03-06T09:45:00+05:30,724.008,602.159,32.166,synthetic,True,True,True,True
520,2026-03-06T10:00:00+05:30,403.83,646.437,32.153,synthetic,True,True,True,True
521,2026-03-06T10:15:00+05:30,411.045,715.996,32.498,synthetic,True,True,True,True
522,2026-03-06T10:30:00+05:30,393.393,760.848,33.1,synthetic,True,True,True,True
523,2026-03-06T10:45:00+05:30,391.472,793.124,33.862,synthetic,True,True,True,True
524,2026-03-06T11:00:00+05:30,407.419,829.963,34.355,synthetic,True,True,True,True
525,2026-03-06T11:15:00+05:30,411.958,854.033,35.064,synthetic,True,True,True,True
526,2026-03-06T11:30:00+05:30,411.781,864.795,35.109,synthetic,True,True,True,True
527,2026-03-06T11:45:00+05:30,409.507,852.152,35.386,synthetic,True,True,True,True
528,2026-03-06T12:00:00+05:30,381.745,865.102,35.347,synthetic,True,True,True,True
529,2026-03-06T12:15:00+05:30,372.383,869.179,36.229,synthetic,True,True,True,True
530,2026-03-06T12:30:00+05:30,382.15,854.911,36.332,synthetic,True,True,True,True
531,2026-03-06T12:45:00+05:30,366.341,784.437,36.101,synthetic,True,True,True,True
532,2026-03-06T13:00:00+05:30,362.333,813.786,36.109,synthetic,True,True,True,True
533,2026-03-06T13:15:00+05:30,345.596,792.54,36.617,synthetic,True,True,True,True
534,2026-03-06T13:30:00+05:30,350.93,842.373,36.798,synthetic,True,True,True,True
535,2026-03-06T13:45:00+05:30,360.935,807.642,36.569,synthetic,True,True,True,True
536,2026-03-06T14:00:00+05:30,356.101,747.003,36.228,synthetic,True,True,True,True
537,2026-03-06T14:15:00+05:30,344.832,743.24,36.659,synthetic,True,True,True,True
538,2026-03-06T14:30:00+05:30,342.012,695.42,36.131,synthetic,True,True,True,True
539,2026-03-06T14:45:00+05:30,335.891,645.186,36.788,synthetic,True,True,True,True
540,2026-03-06T15:00:00+05:30,348.149,619.41,36.921,synthetic,True,True,True,True
541,2026-03-06T15:15:00+05:30,354.517,574.835,36.892,synthetic,True,True,True,True
542,2026-03-06T15:30:00+05:30,358.572,551.27,36.855,synthetic,True,True,True,True
543,2026-03-06T15:45:00+05:30,365.811,509.684,36.611,synthetic,True,True,True,True
544,2026-03-06T16:00:00+05:30,375.01,454.964,36.785,synthetic,True,True,True,True
545,2026-03-06T16:15:00+05:30,372.174,395.7,35.84,synthetic,True,True,True,True
546,2026-03-06T16:30:00+05:30,373.434,337.241,36.32,synthetic,True,True,True,True
547,2026-03-06T16:45:00+05:30,390.196,286.697,36.125,synthetic,True,True,True,True
548,2026-03-06T17:00:00+05:30,377.17,228.863,35.917,synthetic,True,True,True,True
549,2026-03-06T17:15:00+05:30,392.756,167.0,35.709,synthetic,True,True,True,True
550,2026-03-06T17:30:00+05:30,391.709,109.635,34.469,synthetic,True,True,True,True
551,2026-03-06T17:45:00+05:30,405.677,55.279,34.01,synthetic,True,True,True,True
552,2026-03-06T18:00:00+05:30,712.767,13.296,33.98,synthetic,True,True,True,True
553,2026-03-06T18:15:00+05:30,728.38,0.113,33.707,synthetic,True,True,True,True
554,2026-03-06T18:30:00+05:30,697.422,0.0,33.281,synthetic,True,True,True,True
555,2026-03-06T18:45:00+05:30,697.373,0.0,32.994,synthetic,True,True,True,True
556,2026-03-06T19:00:00+05:30,705.487,0.0,33.001,synthetic,True,True,True,True
557,2026-03-06T19:15:00+05:30,727.057,0.0,32.421,synthetic,True,True,True,True
558,2026-03-06T19:30:00+05:30,718.52,0.0,31.957,synthetic,True,True,True,True
559,2026-03-06T19:45:00+05:30,683.611,0.0,31.118,synthetic,True,True,True,True
560,2026-03-06T20:00:00+05:30,726.948,0.0,30.43,synthetic,True,True,True,True
561,2026-03-06T20:15:00+05:30,737.718,0.0,29.881,synthetic,True,True,True,True
562,2026-03-06T20:30:00+05:30,755.188,0.0,29.205,synthetic,True,True,True,True
563,2026-03-06T20:45:00+05:30,739.751,0.0,28.504,synthetic,True,True,True,True
564,2026-03-06T21:00:00+05:30,706.61,0.0,27.273,synthetic,True,True,True,True
565,2026-03-06T21:15:00+05:30,659.32,0.0,27.295,synthetic,True,True,True,True
566,2026-03-06T21:30:00+05:30,661.256,0.0,27.356,synthetic,True,True,True,True
567,2026-03-06T21:45:00+05:30,671.341,0.0,26.323,synthetic,True,True,True,True
568,2026-03-06T22:00:00+05:30,391.47,0.0,25.976,synthetic,True,True,True,True
569,2026-03-06T22:15:00+05:30,379.034,0.0,25.318,synthetic,True,True,True,True
570,2026-03-06T22:30:00+05:30,376.902,0.0,25.245,synthetic,True,True,True,True
571,2026-03-06T22:45:00+05:30,366.186,0.0,25.354,synthetic,True,True,True,True
572,2026-03-06T23:00:00+05:30,358.36,0.0,25.188,synthetic,True,True,True,True
573,2026-03-06T23:15:00+05:30,365.991,0.0,24.64,synthetic,True,True,True,True
574,2026-03-06T23:30:00+05:30,370.282,0.0,24.724,synthetic,True,True,True,True
575,2026-03-06T23:45:00+05:30,372.135,0.0,24.568,synthetic,True,True,True,True
576,2026-03-07T00:00:00+05:30,383.391,0.0,24.196,synthetic,True,True,True,True
577,2026-03-07T00:15:00+05:30,389.55,0.0,23.691,synthetic,True,True,True,True
578,2026-03-07T00:30:00+05:30,396.604,0.0,23.494,synthetic,True,True,True,True
579,2026-03-07T00:45:00+05:30,388.126,0.0,23.483,synthetic,True,True,True,True
580,2026-03-07T01:00:00+05:30,380.12,0.0,22.724,synthetic,True,True,True,True
581,2026-03-07T01:15:00+05:30,370.661,0.0,21.873,synthetic,True,True,True,True
582,2026-03-07T01:30:00+05:30,396.757,0.0,21.859,synthetic,True,True,True,True
583,2026-03-07T01:45:00+05:30,401.692,0.0,21.86,synthetic,True,True,True,True
584,2026-03-07T02:00:00+05:30,401.226,0.0,21.756,synthetic,True,True,True,True
585,2026-03-07T02:15:00+05:30,411.157,0.0,21.65,synthetic,True,True,True,True
586,2026-03-07T02:30:00+05:30,397.286,0.0,21.668,synthetic,True,True,True,True
587,2026-03-07T02:45:00+05:30,427.609,0.0,21.851,synthetic,True,True,True,True
588,2026-03-07T03:00:00+05:30,418.022,0.0,22.289,synthetic,True,True,True,True
589,2026-03-07T03:15:00+05:30,414.576,0.0,21.743,synthetic,True,True,True,True
590,2026-03-07T03:30:00+05:30,408.564,0.0,21.802,synthetic,True,True,True,True
591,2026-03-07T03:45:00+05:30,380.66,0.0,22.038,synthetic,True,True,True,True
592,2026-03-07T04:00:00+05:30,372.942,0.0,22.428,synthetic,True,True,True,True
593,2026-03-07T04:15:00+05:30,376.336,0.0,22.528,synthetic,True,True,True,True
594,2026-03-07T04:30:00+05:30,367.181,0.0,23.102,synthetic,True,True,True,True
595,2026-03-07T04:45:00+05:30,358.959,0.0,22.536,synthetic,True,True,True,True
596,2026-03-07T05:00:00+05:30,377.3,0.0,22.674,synthetic,True,True,True,True
597,2026-03-07T05:15:00+05:30,371.574,0.0,22.613,synthetic,True,True,True,True
598,2026-03-07T05:30:00+05:30,384.37,0.0,22.407,synthetic,True,True,True,True
599,2026-03-07T05:45:00+05:30,358.658,0.0,23.157,synthetic,True,True,True,True
600,2026-03-07T06:00:00+05:30,509.148,0.0,23.587,synthetic,True,True,True,True
601,2026-03-07T06:15:00+05:30,515.266,0.0,23.089,synthetic,True,True,True,True
602,2026-03-07T06:30:00+05:30,516.864,1.258,23.029,synthetic,True,True,True,True
603,2026-03-07T06:45:00+05:30,532.526,23.522,23.614,synthetic,True,True,True,True
604,2026-03-07T07:00:00+05:30,531.841,67.498,24.53,synthetic,True,True,True,True
605,2026-03-07T07:15:00+05:30,513.422,116.577,25.44,synthetic,True,True,True,True
606,2026-03-07T07:30:00+05:30,516.216,168.22,25.284,synthetic,True,True,True,True
607,2026-03-07T07:45:00+05:30,510.246,220.262,25.0,synthetic,True,True,True,True
608,2026-03-07T08:00:00+05:30,530.309,286.063,25.979,synthetic,True,True,True,True
609,2026-03-07T08:15:00+05:30,523.071,327.153,26.475,synthetic,True,True,True,True
610,2026-03-07T08:30:00+05:30,521.252,381.878,27.121,synthetic,True,True,True,True
611,2026-03-07T08:45:00+05:30,513.408,439.035,27.367,synthetic,True,True,True,True
612,2026-03-07T09:00:00+05:30,529.627,488.464,28.335,synthetic,True,True,True,True
613,2026-03-07T09:15:00+05:30,550.504,543.332,29.057,synthetic,True,True,True,True
614,2026-03-07T09:30:00+05:30,566.631,594.185,29.778,synthetic,True,True,True,True
615,2026-03-07T09:45:00+05:30,576.565,638.521,29.686,synthetic,True,True,True,True
616,2026-03-07T10:00:00+05:30,429.663,659.137,30.334,synthetic,True,True,True,True
617,2026-03-07T10:15:00+05:30,410.624,723.087,31.218,synthetic,True,True,True,True
618,2026-03-07T10:30:00+05:30,410.078,731.416,31.618,synthetic,True,True,True,True
619,2026-03-07T10:45:00+05:30,397.587,763.631,32.221,synthetic,True,True,True,True
620,2026-03-07T11:00:00+05:30,390.576,815.472,31.741,synthetic,True,True,True,True
621,2026-03-07T11:15:00+05:30,388.719,838.091,32.326,synthetic,True,True,True,True
622,2026-03-07T11:30:00+05:30,379.194,835.794,32.77,synthetic,True,True,True,True
623,2026-03-07T11:45:00+05:30,371.311,859.547,33.394,synthetic,True,True,True,True
624,2026-03-07T12:00:00+05:30,378.563,844.063,33.859,synthetic,True,True,True,True
625,2026-03-07T12:15:00+05:30,401.079,854.206,34.425,synthetic,True,True,True,True
626,2026-03-07T12:30:00+05:30,403.192,867.104,34.044,synthetic,True,True,True,True
627,2026-03-07T12:45:00+05:30,394.984,853.308,34.058,synthetic,True,True,True,True
628,2026-03-07T13:00:00+05:30,396.17,880.669,33.65,synthetic,True,True,True,True
629,2026-03-07T13:15:00+05:30,388.772,894.066,34.105,synthetic,True,True,True,True
630,2026-03-07T13:30:00+05:30,359.571,860.125,34.102,synthetic,True,True,True,True
631,2026-03-07T13:45:00+05:30,350.388,799.449,33.831,synthetic,True,True,True,True
632,2026-03-07T14:00:00+05:30,339.305,806.794,33.853,synthetic,True,True,True,True
633,2026-03-07T14:15:00+05:30,348.552,760.245,33.954,synthetic,True,True,True,True
634,2026-03-07T14:30:00+05:30,377.237,755.468,33.636,synthetic,True,True,True,True
635,2026-03-07T14:45:00+05:30,375.68,700.0,33.419,synthetic,True,True,True,True
636,2026-03-07T15:00:00+05:30,377.703,664.708,33.664,synthetic,True,True,True,True
637,2026-03-07T15:15:00+05:30,362.527,607.739,33.271,synthetic,True,True,True,True
638,2026-03-07T15:30:00+05:30,390.306,543.099,33.348,synthetic,True,True,True,True
639,2026-03-07T15:45:00+05:30,391.852,482.404,33.167,synthetic,True,True,True,True
640,2026-03-07T16:00:00+05:30,422.001,433.596,33.968,synthetic,True,True,True,True
641,2026-03-07T16:15:00+05:30,430.699,396.377,34.329,synthetic,True,True,True,True
642,2026-03-07T16:30:00+05:30,434.725,321.184,33.43,synthetic,True,True,True,True
643,2026-03-07T16:45:00+05:30,431.304,281.679,33.618,synthetic,True,True,True,True
644,2026-03-07T17:00:00+05:30,448.78,218.179,33.352,synthetic,True,True,True,True
645,2026-03-07T17:15:00+05:30,432.813,165.98,33.332,synthetic,True,True,True,True
646,2026-03-07T17:30:00+05:30,427.686,109.398,33.762,synthetic,True,True,True,True
647,2026-03-07T17:45:00+05:30,422.7,54.728,33.969,synthetic,True,True,True,True
648,2026-03-07T18:00:00+05:30,554.259,13.484,33.796,synthetic,True,True,True,True
649,2026-03-07T18:15:00+05:30,573.146,0.121,33.464,synthetic,True,True,True,True
650,2026-03-07T18:30:00+05:30,559.816,0.0,33.393,synthetic,True,True,True,True
651,2026-03-07T18:45:00+05:30,548.163,0.0,33.751,synthetic,True,True,True,True
652,2026-03-07T19:00:00+05:30,553.557,0.0,33.599,synthetic,True,True,True,True
653,2026-03-07T19:15:00+05:30,529.28,0.0,32.925,synthetic,True,True,True,True
654,2026-03-07T19:30:00+05:30,529.81,0.0,32.293,synthetic,True,True,True,True
655,2026-03-07T19:45:00+05:30,520.285,0.0,31.781,synthetic,True,True,True,True
656,2026-03-07T20:00:00+05:30,516.023,0.0,30.312,synthetic,True,True,True,True
657,2026-03-07T20:15:00+05:30,501.994,0.0,30.014,synthetic,True,True,True,True
658,2026-03-07T20:30:00+05:30,514.019,0.0,29.539,synthetic,True,True,True,True
659,2026-03-07T20:45:00+05:30,523.941,0.0,29.158,synthetic,True,True,True,True
660,2026-03-07T21:00:00+05:30,560.625,0.0,28.678,synthetic,True,True,True,True
661,2026-03-07T21:15:00+05:30,533.502,0.0,28.153,synthetic,True,True,True,True
662,2026-03-07T21:30:00+05:30,568.15,0.0,27.801,synthetic,True,True,True,True
663,2026-03-07T21:45:00+05:30,553.045,0.0,27.332,synthetic,True,True,True,True
664,2026-03-07T22:00:00+05:30,428.974,0.0,27.062,synthetic,True,True,True,True
665,2026-03-07T22:15:00+05:30,401.027,0.0,26.568,synthetic,True,True,True,True
666,2026-03-07T22:30:00+05:30,420.268,0.0,26.484,synthetic,True,True,True,True
667,2026-03-07T22:45:00+05:30,404.402,0.0,26.103,synthetic,True,True,True,True
668,2026-03-07T23:00:00+05:30,392.669,0.0,26.451,synthetic,True,True,True,True
669,2026-03-07T23:15:00+05:30,376.739,0.0,25.662,synthetic,True,True,True,True
670,2026-03-07T23:30:00+05:30,376.208,0.0,26.047,synthetic,True,True,True,True
671,2026-03-07T23:45:00+05:30,374.634,0.0,25.265,synthetic,True,True,True,True
672,2026-03-08T00:00:00+05:30,358.693,0.0,26.053,synthetic,True,True,True,True
673,2026-03-08T00:15:00+05:30,372.506,0.0,25.76,synthetic,True,True,True,True
674,2026-03-08T00:30:00+05:30,368.292,0.0,25.573,synthetic,True,True,True,True
675,2026-03-08T00:45:00+05:30,374.295,0.0,26.091,synthetic,True,True,True,True
676,2026-03-08T01:00:00+05:30,387.537,0.0,26.645,synthetic,True,True,True,True
677,2026-03-08T01:15:00+05:30,403.298,0.0,26.793,synthetic,True,True,True,True
678,2026-03-08T01:30:00+05:30,413.512,0.0,27.303,synthetic,True,True,True,True
679,2026-03-08T01:45:00+05:30,402.729,0.0,27.001,synthetic,True,True,True,True
680,2026-03-08T02:00:00+05:30,410.114,0.0,27.264,synthetic,True,True,True,True
681,2026-03-08T02:15:00+05:30,418.851,0.0,27.444,synthetic,True,True,True,True
682,2026-03-08T02:30:00+05:30,445.753,0.0,26.635,synthetic,True,True,True,True
683,2026-03-08T02:45:00+05:30,446.11,0.0,26.286,synthetic,True,True,True,True
684,2026-03-08T03:00:00+05:30,437.619,0.0,26.175,synthetic,True,True,True,True
685,2026-03-08T03:15:00+05:30,424.333,0.0,25.596,synthetic,True,True,True,True
686,2026-03-08T03:30:00+05:30,435.345,0.0,25.185,synthetic,True,True,True,True
687,2026-03-08T03:45:00+05:30,451.384,0.0,25.287,synthetic,True,True,True,True
688,2026-03-08T04:00:00+05:30,447.257,0.0,24.803,synthetic,True,True,True,True
689,2026-03-08T04:15:00+05:30,422.238,0.0,25.082,synthetic,True,True,True,True
690,2026-03-08T04:30:00+05:30,420.055,0.0,25.0,synthetic,True,True,True,True
691,2026-03-08T04:45:00+05:30,420.748,0.0,25.066,synthetic,True,True,True,True
692,2026-03-08T05:00:00+05:30,418.938,0.0,25.193,synthetic,True,True,True,True
693,2026-03-08T05:15:00+05:30,417.841,0.0,24.849,synthetic,True,True,True,True
694,2026-03-08T05:30:00+05:30,413.014,0.0,24.606,synthetic,True,True,True,True
695,2026-03-08T05:45:00+05:30,397.155,0.0,24.224,synthetic,True,True,True,True
696,2026-03-08T06:00:00+05:30,531.241,0.0,23.937,synthetic,True,True,True,True
697,2026-03-08T06:15:00+05:30,515.648,0.0,24.47,synthetic,True,True,True,True
698,2026-03-08T06:30:00+05:30,505.326,1.556,24.582,synthetic,True,True,True,True
699,2026-03-08T06:45:00+05:30,526.409,23.984,25.192,synthetic,True,True,True,True
700,2026-03-08T07:00:00+05:30,530.2,68.696,25.622,synthetic,True,True,True,True
701,2026-03-08T07:15:00+05:30,556.555,129.833,24.814,synthetic,True,True,True,True
702,2026-03-08T07:30:00+05:30,552.587,189.943,24.995,synthetic,True,True,True,True
703,2026-03-08T07:45:00+05:30,568.294,248.214,26.016,synthetic,True,True,True,True
704,2026-03-08T08:00:00+05:30,550.825,312.579,26.794,synthetic,True,True,True,True
705,2026-03-08T08:15:00+05:30,531.401,383.356,27.205,synthetic,True,True,True,True
706,2026-03-08T08:30:00+05:30,495.074,441.663,28.175,synthetic,True,True,True,True
707,2026-03-08T08:45:00+05:30,492.587,493.236,29.213,synthetic,True,True,True,True
708,2026-03-08T09:00:00+05:30,460.88,536.213,29.937,synthetic,True,True,True,True
709,2026-03-08T09:15:00+05:30,471.516,588.903,29.987,synthetic,True,True,True,True
710,2026-03-08T09:30:00+05:30,477.911,636.723,29.76,synthetic,True,True,True,True
711,2026-03-08T09:45:00+05:30,471.639,650.338,29.287,synthetic,True,True,True,True
712,2026-03-08T10:00:00+05:30,338.352,635.049,29.586,synthetic,True,True,True,True
713,2026-03-08T10:15:00+05:30,336.724,695.025,29.169,synthetic,True,True,True,True
714,2026-03-08T10:30:00+05:30,378.9,690.686,29.263,synthetic,True,True,True,True
715,2026-03-08T10:45:00+05:30,394.26,728.957,29.777,synthetic,True,True,True,True
716,2026-03-08T11:00:00+05:30,401.134,733.121,31.054,synthetic,True,True,True,True
717,2026-03-08T11:15:00+05:30,409.365,739.037,31.549,synthetic,True,True,True,True
718,2026-03-08T11:30:00+05:30,392.814,694.522,31.886,synthetic,True,True,True,True
719,2026-03-08T11:45:00+05:30,387.036,692.33,32.51,synthetic,True,True,True,True
720,2026-03-08T12:00:00+05:30,378.826,730.449,32.529,synthetic,True,True,True,True
721,2026-03-08T12:15:00+05:30,372.054,718.198,32.52,synthetic,True,True,True,True
722,2026-03-08T12:30:00+05:30,372.857,736.204,33.109,synthetic,True,True,True,True
723,2026-03-08T12:45:00+05:30,384.451,728.788,33.092,synthetic,True,True,True,True
724,2026-03-08T13:00:00+05:30,390.429,732.818,33.115,synthetic,True,True,True,True
725,2026-03-08T13:15:00+05:30,378.989,714.314,33.339,synthetic,True,True,True,True
726,2026-03-08T13:30:00+05:30,377.146,781.431,33.509,synthetic,True,True,True,True
727,2026-03-08T13:45:00+05:30,383.006,772.211,34.426,synthetic,True,True,True,True
728,2026-03-08T14:00:00+05:30,404.231,737.063,34.068,synthetic,True,True,True,True
729,2026-03-08T14:15:00+05:30,406.519,718.558,34.117,synthetic,True,True,True,True
730,2026-03-08T14:30:00+05:30,400.355,625.54,34.596,synthetic,True,True,True,True
731,2026-03-08T14:45:00+05:30,392.611,605.111,34.579,synthetic,True,True,True,True
732,2026-03-08T15:00:00+05:30,403.868,582.755,34.067,synthetic,True,True,True,True
733,2026-03-08T15:15:00+05:30,387.871,565.085,34.213,synthetic,True,True,True,True
734,2026-03-08T15:30:00+05:30,387.925,550.135,34.411,synthetic,True,True,True,True
735,2026-03-08T15:45:00+05:30,414.184,514.358,34.298,synthetic,True,True,True,True
736,2026-03-08T16:00:00+05:30,414.915,474.097,34.188,synthetic,True,True,True,True
737,2026-03-08T16:15:00+05:30,409.86,401.304,33.717,synthetic,True,True,True,True
738,2026-03-08T16:30:00+05:30,403.069,335.717,34.275,synthetic,True,True,True,True
739,2026-03-08T16:45:00+05:30,413.99,285.677,34.136,synthetic,True,True,True,True
740,2026-03-08T17:00:00+05:30,408.565,221.571,34.399,synthetic,True,True,True,True
741,2026-03-08T17:15:00+05:30,407.294,163.628,34.579,synthetic,True,True,True,True
742,2026-03-08T17:30:00+05:30,405.035,103.054,33.542,synthetic,True,True,True,True
743,2026-03-08T17:45:00+05:30,380.469,51.095,33.495,synthetic,True,True,True,True
744,2026-03-08T18:00:00+05:30,518.29,13.046,33.029,synthetic,True,True,True,True
745,2026-03-08T18:15:00+05:30,510.396,0.124,33.16,synthetic,True,True,True,True
746,2026-03-08T18:30:00+05:30,508.341,0.0,33.034,synthetic,True,True,True,True
747,2026-03-08T18:45:00+05:30,513.192,0.0,32.754,synthetic,True,True,True,True
748,2026-03-08T19:00:00+05:30,525.038,0.0,32.427,synthetic,True,True,True,True
749,2026-03-08T19:15:00+05:30,514.068,0.0,31.737,synthetic,True,True,True,True
750,2026-03-08T19:30:00+05:30,529.367,0.0,30.104,synthetic,True,True,True,True
751,2026-03-08T19:45:00+05:30,534.742,0.0,30.091,synthetic,True,True,True,True
752,2026-03-08T20:00:00+05:30,541.016,0.0,29.373,synthetic,True,True,True,True
753,2026-03-08T20:15:00+05:30,529.707,0.0,29.152,synthetic,True,True,True,True
754,2026-03-08T20:30:00+05:30,553.448,0.0,28.77,synthetic,True,True,True,True
755,2026-03-08T20:45:00+05:30,565.978,0.0,28.748,synthetic,True,True,True,True
756,2026-03-08T21:00:00+05:30,563.328,0.0,28.464,synthetic,True,True,True,True
757,2026-03-08T21:15:00+05:30,560.339,0.0,27.537,synthetic,True,True,True,True
758,2026-03-08T21:30:00+05:30,551.373,0.0,27.457,synthetic,True,True,True,True
759,2026-03-08T21:45:00+05:30,524.582,0.0,26.441,synthetic,True,True,True,True
760,2026-03-08T22:00:00+05:30,396.246,0.0,27.157,synthetic,True,True,True,True
761,2026-03-08T22:15:00+05:30,400.912,0.0,26.858,synthetic,True,True,True,True
762,2026-03-08T22:30:00+05:30,416.278,0.0,26.47,synthetic,True,True,True,True
763,2026-03-08T22:45:00+05:30,423.597,0.0,26.119,synthetic,True,True,True,True
764,2026-03-08T23:00:00+05:30,404.752,0.0,25.882,synthetic,True,True,True,True
765,2026-03-08T23:15:00+05:30,398.977,0.0,25.405,synthetic,True,True,True,True
766,2026-03-08T23:30:00+05:30,395.534,0.0,24.416,synthetic,True,True,True,True
767,2026-03-08T23:45:00+05:30,383.993,0.0,24.288,synthetic,True,True,True,True
768,2026-03-09T00:00:00+05:30,388.853,0.0,24.329,synthetic,True,True,True,True
769,2026-03-09T00:15:00+05:30,399.785,0.0,23.872,synthetic,True,True,True,True
770,2026-03-09T00:30:00+05:30,382.932,0.0,23.669,synthetic,True,True,True,True
771,2026-03-09T00:45:00+05:30,370.834,0.0,24.16,synthetic,True,True,True,True
772,2026-03-09T01:00:00+05:30,372.657,0.0,24.197,synthetic,True,True,True,True
773,2026-03-09T01:15:00+05:30,361.582,0.0,24.254,synthetic,True,True,True,True
774,2026-03-09T01:30:00+05:30,350.101,0.0,24.245,synthetic,True,True,True,True
775,2026-03-09T01:45:00+05:30,385.487,0.0,23.694,synthetic,True,True,True,True
776,2026-03-09T02:00:00+05:30,386.46,0.0,24.684,synthetic,True,True,True,True
777,2026-03-09T02:15:00+05:30,388.162,0.0,24.319,synthetic,True,True,True,True
778,2026-03-09T02:30:00+05:30,393.478,0.0,24.269,synthetic,True,True,True,True
779,2026-03-09T02:45:00+05:30,385.922,0.0,24.225,synthetic,True,True,True,True
780,2026-03-09T03:00:00+05:30,370.815,0.0,24.083,synthetic,True,True,True,True
781,2026-03-09T03:15:00+05:30,383.195,0.0,23.841,synthetic,True,True,True,True
782,2026-03-09T03:30:00+05:30,397.347,0.0,24.609,synthetic,True,True,True,True
783,2026-03-09T03:45:00+05:30,412.165,0.0,25.178,synthetic,True,True,True,True
784,2026-03-09T04:00:00+05:30,431.181,0.0,25.296,synthetic,True,True,True,True
785,2026-03-09T04:15:00+05:30,433.07,0.0,24.947,synthetic,True,True,True,True
786,2026-03-09T04:30:00+05:30,432.269,0.0,25.437,synthetic,True,True,True,True
787,2026-03-09T04:45:00+05:30,426.228,0.0,25.692,synthetic,True,True,True,True
788,2026-03-09T05:00:00+05:30,420.111,0.0,25.104,synthetic,True,True,True,True
789,2026-03-09T05:15:00+05:30,446.855,0.0,25.765,synthetic,True,True,True,True
790,2026-03-09T05:30:00+05:30,418.819,0.0,25.827,synthetic,True,True,True,True
791,2026-03-09T05:45:00+05:30,405.644,0.0,26.114,synthetic,True,True,True,True
792,2026-03-09T06:00:00+05:30,689.278,0.0,26.097,synthetic,True,True,True,True
793,2026-03-09T06:15:00+05:30,701.997,0.0,25.927,synthetic,True,True,True,True
794,2026-03-09T06:30:00+05:30,696.555,1.898,26.459,synthetic,True,True,True,True
795,2026-03-09T06:45:00+05:30,689.332,25.71,26.949,synthetic,True,True,True,True
796,2026-03-09T07:00:00+05:30,662.198,68.628,26.999,synthetic,True,True,True,True
797,2026-03-09T07:15:00+05:30,681.224,126.937,27.329,synthetic,True,True,True,True
798,2026-03-09T07:30:00+05:30,668.968,182.329,27.648,synthetic,True,True,True,True
799,2026-03-09T07:45:00+05:30,650.271,233.737,28.251,synthetic,True,True,True,True
800,2026-03-09T08:00:00+05:30,656.72,299.004,28.988,synthetic,True,True,True,True
801,2026-03-09T08:15:00+05:30,641.306,361.35,29.2,synthetic,True,True,True,True
802,2026-03-09T08:30:00+05:30,669.373,422.791,29.502,synthetic,True,True,True,True
803,2026-03-09T08:45:00+05:30,696.112,486.205,29.784,synthetic,True,True,True,True
804,2026-03-09T09:00:00+05:30,685.245,537.206,29.447,synthetic,True,True,True,True
805,2026-03-09T09:15:00+05:30,688.177,604.159,29.383,synthetic,True,True,True,True
806,2026-03-09T09:30:00+05:30,721.063,665.154,29.393,synthetic,True,True,True,True
807,2026-03-09T09:45:00+05:30,705.057,701.537,29.257,synthetic,True,True,True,True
808,2026-03-09T10:00:00+05:30,409.023,725.934,29.11,synthetic,True,True,True,True
809,2026-03-09T10:15:00+05:30,427.082,783.055,29.632,synthetic,True,True,True,True
810,2026-03-09T10:30:00+05:30,412.121,808.668,30.003,synthetic,True,True,True,True
811,2026-03-09T10:45:00+05:30,405.731,828.362,29.567,synthetic,True,True,True,True
812,2026-03-09T11:00:00+05:30,430.359,867.498,30.358,synthetic,True,True,True,True
813,2026-03-09T11:15:00+05:30,453.157,849.445,30.43,synthetic,True,True,True,True
814,2026-03-09T11:30:00+05:30,449.278,841.057,31.029,synthetic,True,True,True,True
815,2026-03-09T11:45:00+05:30,454.606,852.835,32.13,synthetic,True,True,True,True
816,2026-03-09T12:00:00+05:30,444.953,866.542,32.02,synthetic,True,True,True,True
817,2026-03-09T12:15:00+05:30,431.376,875.043,32.569,synthetic,True,True,True,True
818,2026-03-09T12:30:00+05:30,439.482,927.568,33.157,synthetic,True,True,True,True
819,2026-03-09T12:45:00+05:30,426.208,943.537,33.647,synthetic,True,True,True,True
820,2026-03-09T13:00:00+05:30,404.057,919.551,33.891,synthetic,True,True,True,True
821,2026-03-09T13:15:00+05:30,405.261,880.696,33.804,synthetic,True,True,True,True
822,2026-03-09T13:30:00+05:30,405.764,850.646,34.302,synthetic,True,True,True,True
823,2026-03-09T13:45:00+05:30,383.284,793.735,34.333,synthetic,True,True,True,True
824,2026-03-09T14:00:00+05:30,382.157,737.62,34.668,synthetic,True,True,True,True
825,2026-03-09T14:15:00+05:30,384.455,771.559,34.098,synthetic,True,True,True,True
826,2026-03-09T14:30:00+05:30,368.704,717.464,34.038,synthetic,True,True,True,True
827,2026-03-09T14:45:00+05:30,377.655,655.886,33.605,synthetic,True,True,True,True
828,2026-03-09T15:00:00+05:30,383.55,626.97,33.807,synthetic,True,True,True,True
829,2026-03-09T15:15:00+05:30,393.662,586.111,33.928,synthetic,True,True,True,True
830,2026-03-09T15:30:00+05:30,403.732,542.54,33.98,synthetic,True,True,True,True
831,2026-03-09T15:45:00+05:30,401.661,493.234,34.095,synthetic,True,True,True,True
832,2026-03-09T16:00:00+05:30,410.957,451.92,34.555,synthetic,True,True,True,True
833,2026-03-09T16:15:00+05:30,407.272,423.572,34.308,synthetic,True,True,True,True
834,2026-03-09T16:30:00+05:30,408.519,365.424,34.109,synthetic,True,True,True,True
835,2026-03-09T16:45:00+05:30,378.193,306.736,34.085,synthetic,True,True,True,True
836,2026-03-09T17:00:00+05:30,401.341,236.849,34.064,synthetic,True,True,True,True
837,2026-03-09T17:15:00+05:30,389.862,175.718,34.181,synthetic,True,True,True,True
838,2026-03-09T17:30:00+05:30,388.425,112.308,33.795,synthetic,True,True,True,True
839,2026-03-09T17:45:00+05:30,393.14,54.575,33.481,synthetic,True,True,True,True
840,2026-03-09T18:00:00+05:30,643.016,13.612,33.182,synthetic,True,True,True,True
841,2026-03-09T18:15:00+05:30,678.319,0.139,32.557,synthetic,True,True,True,True
842,2026-03-09T18:30:00+05:30,673.531,0.0,32.516,synthetic,True,True,True,True
843,2026-03-09T18:45:00+05:30,689.959,0.0,32.076,synthetic,True,True,True,True
844,2026-03-09T19:00:00+05:30,667.293,0.0,31.607,synthetic,True,True,True,True
845,2026-03-09T19:15:00+05:30,704.68,0.0,31.456,synthetic,True,True,True,True
846,2026-03-09T19:30:00+05:30,699.146,0.0,31.751,synthetic,True,True,True,True
847,2026-03-09T19:45:00+05:30,675.287,0.0,31.179,synthetic,True,True,True,True
848,2026-03-09T20:00:00+05:30,635.141,0.0,30.756,synthetic,True,True,True,True
849,2026-03-09T20:15:00+05:30,645.218,0.0,31.194,synthetic,True,True,True,True
850,2026-03-09T20:30:00+05:30,662.268,0.0,30.486,synthetic,True,True,True,True
851,2026-03-09T20:45:00+05:30,656.604,0.0,29.903,synthetic,True,True,True,True
852,2026-03-09T21:00:00+05:30,646.434,0.0,29.743,synthetic,True,True,True,True
853,2026-03-09T21:15:00+05:30,704.296,0.0,30.203,synthetic,True,True,True,True
854,2026-03-09T21:30:00+05:30,715.229,0.0,29.532,synthetic,True,True,True,True
855,2026-03-09T21:45:00+05:30,738.657,0.0,28.253,synthetic,True,True,True,True
856,2026-03-09T22:00:00+05:30,390.841,0.0,28.353,synthetic,True,True,True,True
857,2026-03-09T22:15:00+05:30,400.119,0.0,27.653,synthetic,True,True,True,True
858,2026-03-09T22:30:00+05:30,406.707,0.0,27.81,synthetic,True,True,True,True
859,2026-03-09T22:45:00+05:30,413.474,0.0,27.435,synthetic,True,True,True,True
860,2026-03-09T23:00:00+05:30,406.62,0.0,27.299,synthetic,True,True,True,True
861,2026-03-09T23:15:00+05:30,429.06,0.0,27.212,synthetic,True,True,True,True
862,2026-03-09T23:30:00+05:30,437.15,0.0,26.287,synthetic,True,True,True,True
863,2026-03-09T23:45:00+05:30,419.003,0.0,26.059,synthetic,True,True,True,True
864,2026-03-10T00:00:00+05:30,428.428,0.0,25.962,synthetic,True,True,True,True
865,2026-03-10T00:15:00+05:30,425.283,0.0,26.191,synthetic,True,True,True,True
866,2026-03-10T00:30:00+05:30,393.063,0.0,25.672,synthetic,True,True,True,True
867,2026-03-10T00:45:00+05:30,386.228,0.0,25.169,synthetic,True,True,True,True
868,2026-03-10T01:00:00+05:30,389.324,0.0,24.494,synthetic,True,True,True,True
869,2026-03-10T01:15:00+05:30,378.399,0.0,23.713,synthetic,True,True,True,True
870,2026-03-10T01:30:00+05:30,375.345,0.0,24.187,synthetic,True,True,True,True
871,2026-03-10T01:45:00+05:30,381.708,0.0,24.174,synthetic,True,True,True,True
872,2026-03-10T02:00:00+05:30,400.74,0.0,24.525,synthetic,True,True,True,True
873,2026-03-10T02:15:00+05:30,412.018,0.0,24.521,synthetic,True,True,True,True
874,2026-03-10T02:30:00+05:30,417.344,0.0,24.076,synthetic,True,True,True,True
875,2026-03-10T02:45:00+05:30,441.76,0.0,23.75,synthetic,True,True,True,True
876,2026-03-10T03:00:00+05:30,423.229,0.0,24.048,synthetic,True,True,True,True
877,2026-03-10T03:15:00+05:30,431.139,0.0,24.237,synthetic,True,True,True,True
878,2026-03-10T03:30:00+05:30,423.294,0.0,24.091,synthetic,True,True,True,True
879,2026-03-10T03:45:00+05:30,443.796,0.0,23.957,synthetic,True,True,True,True
880,2026-03-10T04:00:00+05:30,425.087,0.0,23.124,synthetic,True,True,True,True
881,2026-03-10T04:15:00+05:30,442.648,0.0,23.302,synthetic,True,True,True,True
882,2026-03-10T04:30:00+05:30,447.029,0.0,23.493,synthetic,True,True,True,True
883,2026-03-10T04:45:00+05:30,452.104,0.0,23.831,synthetic,True,True,True,True
884,2026-03-10T05:00:00+05:30,455.954,0.0,23.65,synthetic,True,True,True,True
885,2026-03-10T05:15:00+05:30,476.564,0.0,23.989,synthetic,True,True,True,True
886,2026-03-10T05:30:00+05:30,463.715,0.0,24.871,synthetic,True,True,True,True
887,2026-03-10T05:45:00+05:30,463.817,0.0,24.908,synthetic,True,True,True,True
888,2026-03-10T06:00:00+05:30,784.301,0.0,24.624,synthetic,True,True,True,True
889,2026-03-10T06:15:00+05:30,746.47,0.0,24.797,synthetic,True,True,True,True
890,2026-03-10T06:30:00+05:30,740.835,2.346,24.814,synthetic,True,True,True,True
891,2026-03-10T06:45:00+05:30,732.737,27.329,24.626,synthetic,True,True,True,True
892,2026-03-10T07:00:00+05:30,755.131,76.623,24.653,synthetic,True,True,True,True
893,2026-03-10T07:15:00+05:30,754.559,136.302,24.919,synthetic,True,True,True,True
894,2026-03-10T07:30:00+05:30,754.383,200.687,25.11,synthetic,True,True,True,True
895,2026-03-10T07:45:00+05:30,690.013,263.539,25.585,synthetic,True,True,True,True
896,2026-03-10T08:00:00+05:30,742.159,327.5,26.503,synthetic,True,True,True,True
897,2026-03-10T08:15:00+05:30,694.109,390.479,26.94,synthetic,True,True,True,True
898,2026-03-10T08:30:00+05:30,718.803,444.288,27.347,synthetic,True,True,True,True
899,2026-03-10T08:45:00+05:30,734.345,504.184,27.532,synthetic,True,True,True,True
900,2026-03-10T09:00:00+05:30,770.458,539.417,28.6,synthetic,True,True,True,True
901,2026-03-10T09:15:00+05:30,738.56,580.57,29.19,synthetic,True,True,True,True
902,2026-03-10T09:30:00+05:30,732.825,637.588,30.184,synthetic,True,True,True,True
903,2026-03-10T09:45:00+05:30,693.253,660.554,31.32,synthetic,True,True,True,True
904,2026-03-10T10:00:00+05:30,385.762,723.799,31.517,synthetic,True,True,True,True
905,2026-03-10T10:15:00+05:30,371.683,795.263,31.372,synthetic,True,True,True,True
906,2026-03-10T10:30:00+05:30,354.237,828.517,31.664,synthetic,True,True,True,True
907,2026-03-10T10:45:00+05:30,375.473,855.582,32.029,synthetic,True,True,True,True
908,2026-03-10T11:00:00+05:30,379.811,830.329,32.168,synthetic,True,True,True,True
909,2026-03-10T11:15:00+05:30,377.172,800.099,31.813,synthetic,True,True,True,True
910,2026-03-10T11:30:00+05:30,383.172,835.772,32.106,synthetic,True,True,True,True
911,2026-03-10T11:45:00+05:30,376.634,839.549,31.521,synthetic,True,True,True,True
912,2026-03-10T12:00:00+05:30,377.909,833.429,31.919,synthetic,True,True,True,True
913,2026-03-10T12:15:00+05:30,378.526,869.092,32.115,synthetic,True,True,True,True
914,2026-03-10T12:30:00+05:30,372.795,829.984,32.308,synthetic,True,True,True,True
915,2026-03-10T12:45:00+05:30,377.102,824.203,33.135,synthetic,True,True,True,True
916,2026-03-10T13:00:00+05:30,374.866,833.352,33.409,synthetic,True,True,True,True
917,2026-03-10T13:15:00+05:30,372.736,787.152,33.645,synthetic,True,True,True,True
918,2026-03-10T13:30:00+05:30,367.042,782.417,34.174,synthetic,True,True,True,True
919,2026-03-10T13:45:00+05:30,389.182,813.065,33.551,synthetic,True,True,True,True
920,2026-03-10T14:00:00+05:30,360.361,797.957,33.798,synthetic,True,True,True,True
921,2026-03-10T14:15:00+05:30,366.302,753.3,33.989,synthetic,True,True,True,True
922,2026-03-10T14:30:00+05:30,376.216,702.625,34.305,synthetic,True,True,True,True
923,2026-03-10T14:45:00+05:30,408.173,673.821,33.589,synthetic,True,True,True,True
924,2026-03-10T15:00:00+05:30,406.69,656.561,33.269,synthetic,True,True,True,True
925,2026-03-10T15:15:00+05:30,421.152,623.121,33.046,synthetic,True,True,True,True
926,2026-03-10T15:30:00+05:30,413.902,577.395,32.759,synthetic,True,True,True,True
927,2026-03-10T15:45:00+05:30,420.514,528.014,32.769,synthetic,True,True,True,True
928,2026-03-10T16:00:00+05:30,416.06,464.605,32.659,synthetic,True,True,True,True
929,2026-03-10T16:15:00+05:30,423.052,415.992,32.371,synthetic,True,True,True,True
930,2026-03-10T16:30:00+05:30,439.422,349.873,32.837,synthetic,True,True,True,True
931,2026-03-10T16:45:00+05:30,428.347,285.455,32.851,synthetic,True,True,True,True
932,2026-03-10T17:00:00+05:30,411.104,228.62,32.32,synthetic,True,True,True,True
933,2026-03-10T17:15:00+05:30,417.335,170.396,31.795,synthetic,True,True,True,True
934,2026-03-10T17:30:00+05:30,436.118,110.813,31.604,synthetic,True,True,True,True
935,2026-03-10T17:45:00+05:30,412.055,54.66,31.07,synthetic,True,True,True,True
936,2026-03-10T18:00:00+05:30,700.81,13.527,30.536,synthetic,True,True,True,True
937,2026-03-10T18:15:00+05:30,700.284,0.136,30.366,synthetic,True,True,True,True
938,2026-03-10T18:30:00+05:30,720.943,0.0,30.739,synthetic,True,True,True,True
939,2026-03-10T18:45:00+05:30,720.78,0.0,31.354,synthetic,True,True,True,True
940,2026-03-10T19:00:00+05:30,725.167,0.0,30.661,synthetic,True,True,False,True
941,2026-03-10T19:15:00+05:30,699.487,0.0,30.531,synthetic,True,True,False,True
942,2026-03-10T19:30:00+05:30,714.811,0.0,29.803,synthetic,True,True,False,True
943,2026-03-10T19:45:00+05:30,680.575,0.0,28.911,synthetic,True,True,False,True
944,2026-03-10T20:00:00+05:30,681.919,0.0,29.152,synthetic,True,True,False,True
945,2026-03-10T20:15:00+05:30,668.953,0.0,28.112,synthetic,True,True,False,True
946,2026-03-10T20:30:00+05:30,664.54,0.0,27.453,synthetic,True,True,False,True
947,2026-03-10T20:45:00+05:30,693.241,0.0,27.127,synthetic,True,True,False,True
948,2026-03-10T21:00:00+05:30,697.025,0.0,26.32,synthetic,True,True,False,True
949,2026-03-10T21:15:00+05:30,678.933,0.0,25.912,synthetic,True,True,False,True
950,2026-03-10T21:30:00+05:30,695.678,0.0,25.572,synthetic,True,True,False,True
951,2026-03-10T21:45:00+05:30,672.302,0.0,25.908,synthetic,True,True,False,True
952,2026-03-10T22:00:00+05:30,380.081,0.0,25.38,synthetic,True,True,True,True
953,2026-03-10T22:15:00+05:30,387.164,0.0,25.446,synthetic,True,True,True,True
954,2026-03-10T22:30:00+05:30,391.12,0.0,25.756,synthetic,True,True,True,True
955,2026-03-10T22:45:00+05:30,382.679,0.0,25.477,synthetic,True,True,True,True
956,2026-03-10T23:00:00+05:30,402.197,0.0,25.115,synthetic,True,True,True,True
957,2026-03-10T23:15:00+05:30,395.564,0.0,24.485,synthetic,True,True,True,True
958,2026-03-10T23:30:00+05:30,391.621,0.0,24.156,synthetic,True,True,True,True
959,2026-03-10T23:45:00+05:30,415.582,0.0,24.064,synthetic,True,True,True,True
960,2026-03-11T00:00:00+05:30,406.297,0.0,24.215,synthetic,True,True,True,True
961,2026-03-11T00:15:00+05:30,409.407,0.0,23.965,synthetic,True,True,True,True
962,2026-03-11T00:30:00+05:30,400.522,0.0,23.588,synthetic,True,True,True,True
963,2026-03-11T00:45:00+05:30,400.082,0.0,24.028,synthetic,True,True,True,True
964,2026-03-11T01:00:00+05:30,390.184,0.0,23.254,synthetic,True,True,True,True
965,2026-03-11T01:15:00+05:30,404.319,0.0,23.44,synthetic,True,True,True,True
966,2026-03-11T01:30:00+05:30,398.49,0.0,22.922,synthetic,True,True,True,True
967,2026-03-11T01:45:00+05:30,404.554,0.0,22.521,synthetic,True,True,True,True
968,2026-03-11T02:00:00+05:30,409.65,0.0,22.121,synthetic,True,True,True,True
969,2026-03-11T02:15:00+05:30,409.423,0.0,21.896,synthetic,True,True,True,True
970,2026-03-11T02:30:00+05:30,399.393,0.0,21.874,synthetic,True,True,True,True
971,2026-03-11T02:45:00+05:30,412.919,0.0,22.027,synthetic,True,True,True,True
972,2026-03-11T03:00:00+05:30,430.192,0.0,21.691,synthetic,True,True,True,True
973,2026-03-11T03:15:00+05:30,436.763,0.0,21.485,synthetic,True,True,True,True
974,2026-03-11T03:30:00+05:30,433.118,0.0,21.366,synthetic,True,True,True,True
975,2026-03-11T03:45:00+05:30,436.723,0.0,22.2,synthetic,True,True,True,True
976,2026-03-11T04:00:00+05:30,432.213,0.0,23.05,synthetic,True,True,True,True
977,2026-03-11T04:15:00+05:30,438.515,0.0,22.737,synthetic,True,True,True,True
978,2026-03-11T04:30:00+05:30,416.301,0.0,22.713,synthetic,True,True,True,True
979,2026-03-11T04:45:00+05:30,422.738,0.0,23.262,synthetic,True,True,True,True
980,2026-03-11T05:00:00+05:30,425.671,0.0,22.856,synthetic,True,True,True,True
981,2026-03-11T05:15:00+05:30,429.821,0.0,23.252,synthetic,True,True,True,True
982,2026-03-11T05:30:00+05:30,428.854,0.0,23.32,synthetic,True,True,True,True
983,2026-03-11T05:45:00+05:30,409.852,0.0,23.826,synthetic,True,True,True,True
984,2026-03-11T06:00:00+05:30,719.033,0.0,23.739,synthetic,True,True,True,True
985,2026-03-11T06:15:00+05:30,699.898,0.0,23.747,synthetic,True,True,True,True
986,2026-03-11T06:30:00+05:30,671.527,2.387,24.124,synthetic,True,True,True,True
987,2026-03-11T06:45:00+05:30,698.971,25.181,24.471,synthetic,True,True,True,True
988,2026-03-11T07:00:00+05:30,685.473,69.051,25.216,synthetic,True,True,True,True
989,2026-03-11T07:15:00+05:30,685.485,117.01,25.647,synthetic,True,True,True,True
990,2026-03-11T07:30:00+05:30,666.683,161.358,26.621,synthetic,True,True,True,True
991,2026-03-11T07:45:00+05:30,661.537,214.364,27.323,synthetic,True,True,True,True
992,2026-03-11T08:00:00+05:30,671.303,280.158,27.775,synthetic,True,True,True,True
993,2026-03-11T08:15:00+05:30,686.838,335.333,27.706,synthetic,True,True,True,True
994,2026-03-11T08:30:00+05:30,701.241,398.612,27.857,synthetic,True,True,True,True
995,2026-03-11T08:45:00+05:30,683.791,448.07,28.205,synthetic,True,True,True,True
996,2026-03-11T09:00:00+05:30,640.577,520.243,28.676,synthetic,True,True,True,True
997,2026-03-11T09:15:00+05:30,649.007,583.132,29.225,synthetic,True,True,True,True
998,2026-03-11T09:30:00+05:30,642.099,651.476,29.074,synthetic,True,True,True,True
999,2026-03-11T09:45:00+05:30,677.571,699.688,29.387,synthetic,True,True,True,True
1000,2026-03-11T10:00:00+05:30,406.925,727.51,30.335,synthetic,True,True,True,True
1001,2026-03-11T10:15:00+05:30,438.361,774.92,31.654,synthetic,True,True,True,True
1002,2026-03-11T10:30:00+05:30,438.002,796.057,31.821,synthetic,True,True,True,True
1003,2026-03-11T10:45:00+05:30,416.276,828.806,31.575,synthetic,True,True,True,True
1004,2026-03-11T11:00:00+05:30,400.935,838.627,32.189,synthetic,True,True,True,True
1005,2026-03-11T11:15:00+05:30,393.776,870.624,32.8,synthetic,True,True,True,True
1006,2026-03-11T11:30:00+05:30,394.33,869.173,32.725,synthetic,True,True,True,True
1007,2026-03-11T11:45:00+05:30,370.677,880.642,33.028,synthetic,True,True,True,True
1008,2026-03-11T12:00:00+05:30,366.093,896.188,33.374,synthetic,True,True,True,True
1009,2026-03-11T12:15:00+05:30,376.043,908.404,33.936,synthetic,True,True,True,True
1010,2026-03-11T12:30:00+05:30,377.687,915.003,34.452,synthetic,True,True,True,True
1011,2026-03-11T12:45:00+05:30,383.535,864.356,34.82,synthetic,True,True,True,True
1012,2026-03-11T13:00:00+05:30,374.596,855.837,34.821,synthetic,True,True,True,True
1013,2026-03-11T13:15:00+05:30,388.485,870.75,35.316,synthetic,True,True,True,True
1014,2026-03-11T13:30:00+05:30,388.756,866.836,35.16,synthetic,True,True,True,True
1015,2026-03-11T13:45:00+05:30,386.469,807.793,34.582,synthetic,True,True,True,True
1016,2026-03-11T14:00:00+05:30,388.65,814.14,33.957,synthetic,True,True,True,True
1017,2026-03-11T14:15:00+05:30,389.519,790.759,33.561,synthetic,True,True,True,True
1018,2026-03-11T14:30:00+05:30,375.124,748.784,33.417,synthetic,True,True,True,True
1019,2026-03-11T14:45:00+05:30,381.268,705.32,34.502,synthetic,True,True,True,True
1020,2026-03-11T15:00:00+05:30,403.521,627.728,34.913,synthetic,True,True,True,True
1021,2026-03-11T15:15:00+05:30,387.193,608.907,34.105,synthetic,True,True,True,True
1022,2026-03-11T15:30:00+05:30,375.569,539.665,33.794,synthetic,True,True,True,True
1023,2026-03-11T15:45:00+05:30,376.233,496.044,34.276,synthetic,True,True,True,True
1024,2026-03-11T16:00:00+05:30,392.334,410.655,34.342,synthetic,True,True,True,True
1025,2026-03-11T16:15:00+05:30,396.21,362.001,34.248,synthetic,True,True,True,True
1026,2026-03-11T16:30:00+05:30,387.367,323.716,34.183,synthetic,True,True,True,True
1027,2026-03-11T16:45:00+05:30,403.187,267.031,34.719,synthetic,True,True,True,True
1028,2026-03-11T17:00:00+05:30,395.069,202.789,34.175,synthetic,True,True,True,True
1029,2026-03-11T17:15:00+05:30,397.038,150.979,33.807,synthetic,True,True,True,True
1030,2026-03-11T17:30:00+05:30,393.117,101.231,33.226,synthetic,True,True,True,True
1031,2026-03-11T17:45:00+05:30,401.822,51.057,33.137,synthetic,True,True,True,True
1032,2026-03-11T18:00:00+05:30,745.715,12.564,33.237,synthetic,True,True,True,True
1033,2026-03-11T18:15:00+05:30,749.0,0.137,32.161,synthetic,True,True,True,True
1034,2026-03-11T18:30:00+05:30,748.811,0.0,32.156,synthetic,True,True,True,True
1035,2026-03-11T18:45:00+05:30,747.49,0.0,32.112,synthetic,True,True,True,True
1036,2026-03-11T19:00:00+05:30,755.558,0.0,31.927,synthetic,True,True,True,True
1037,2026-03-11T19:15:00+05:30,739.611,0.0,30.943,synthetic,True,True,True,True
1038,2026-03-11T19:30:00+05:30,733.126,0.0,30.674,synthetic,True,True,True,True
1039,2026-03-11T19:45:00+05:30,708.362,0.0,30.379,synthetic,True,True,True,True
1040,2026-03-11T20:00:00+05:30,696.903,0.0,29.794,synthetic,True,True,True,True
1041,2026-03-11T20:15:00+05:30,673.589,0.0,29.756,synthetic,True,True,True,True
1042,2026-03-11T20:30:00+05:30,687.069,0.0,30.159,synthetic,True,True,True,True
1043,2026-03-11T20:45:00+05:30,694.506,0.0,30.634,synthetic,True,True,True,True
1044,2026-03-11T21:00:00+05:30,709.955,0.0,30.376,synthetic,True,True,True,True
1045,2026-03-11T21:15:00+05:30,725.122,0.0,29.706,synthetic,True,True,True,True
1046,2026-03-11T21:30:00+05:30,709.234,0.0,29.43,synthetic,True,True,True,True
1047,2026-03-11T21:45:00+05:30,693.963,0.0,28.888,synthetic,True,True,True,True
1048,2026-03-11T22:00:00+05:30,386.86,0.0,28.106,synthetic,True,True,True,True
1049,2026-03-11T22:15:00+05:30,378.33,0.0,27.616,synthetic,True,True,True,True
1050,2026-03-11T22:30:00+05:30,379.271,0.0,27.098,synthetic,True,True,True,True
1051,2026-03-11T22:45:00+05:30,368.366,0.0,27.157,synthetic,True,True,True,True
1052,2026-03-11T23:00:00+05:30,356.114,0.0,26.585,synthetic,True,True,True,True
1053,2026-03-11T23:15:00+05:30,356.766,0.0,26.108,synthetic,True,True,True,True
1054,2026-03-11T23:30:00+05:30,375.209,0.0,26.273,synthetic,True,True,True,True
1055,2026-03-11T23:45:00+05:30,404.164,0.0,25.906,synthetic,True,True,True,True
1056,2026-03-12T00:00:00+05:30,404.437,0.0,26.451,synthetic,True,True,True,True
1057,2026-03-12T00:15:00+05:30,403.583,0.0,27.189,synthetic,True,True,True,True
1058,2026-03-12T00:30:00+05:30,405.747,0.0,27.147,synthetic,True,True,True,True
1059,2026-03-12T00:45:00+05:30,404.568,0.0,27.062,synthetic,True,True,True,True
1060,2026-03-12T01:00:00+05:30,401.009,0.0,27.194,synthetic,True,True,True,True
1061,2026-03-12T01:15:00+05:30,412.575,0.0,26.323,synthetic,True,True,True,True
1062,2026-03-12T01:30:00+05:30,402.933,0.0,26.288,synthetic,True,True,True,True
1063,2026-03-12T01:45:00+05:30,417.906,0.0,25.776,synthetic,True,True,True,True
1064,2026-03-12T02:00:00+05:30,434.663,0.0,25.993,synthetic,True,True,True,True
1065,2026-03-12T02:15:00+05:30,423.122,0.0,25.803,synthetic,True,True,True,True
1066,2026-03-12T02:30:00+05:30,409.236,0.0,25.684,synthetic,True,True,True,True
1067,2026-03-12T02:45:00+05:30,413.99,0.0,24.909,synthetic,True,True,True,True
1068,2026-03-12T03:00:00+05:30,420.656,0.0,25.195,synthetic,True,True,True,True
1069,2026-03-12T03:15:00+05:30,421.101,0.0,24.874,synthetic,True,True,True,True
1070,2026-03-12T03:30:00+05:30,397.51,0.0,24.779,synthetic,True,True,True,True
1071,2026-03-12T03:45:00+05:30,403.715,0.0,25.185,synthetic,True,True,True,True
1072,2026-03-12T04:00:00+05:30,406.619,0.0,25.872,synthetic,True,True,True,True
1073,2026-03-12T04:15:00+05:30,390.634,0.0,26.298,synthetic,True,True,True,True
1074,2026-03-12T04:30:00+05:30,409.771,0.0,26.589,synthetic,True,True,True,True
1075,2026-03-12T04:45:00+05:30,419.413,0.0,26.357,synthetic,True,True,True,True
1076,2026-03-12T05:00:00+05:30,404.567,0.0,26.423,synthetic,True,True,True,True
1077,2026-03-12T05:15:00+05:30,417.652,0.0,26.075,synthetic,True,True,True,True
1078,2026-03-12T05:30:00+05:30,414.29,0.0,26.128,synthetic,True,True,True,True
1079,2026-03-12T05:45:00+05:30,431.833,0.0,25.859,synthetic,True,True,True,True
1080,2026-03-12T06:00:00+05:30,749.85,0.0,25.885,synthetic,True,True,True,True
1081,2026-03-12T06:15:00+05:30,702.196,0.0,26.196,synthetic,True,True,True,True
1082,2026-03-12T06:30:00+05:30,734.627,3.09,25.895,synthetic,True,True,True,True
1083,2026-03-12T06:45:00+05:30,745.427,29.961,26.578,synthetic,True,True,True,True
1084,2026-03-12T07:00:00+05:30,703.609,76.63,26.806,synthetic,True,True,True,True
1085,2026-03-12T07:15:00+05:30,692.135,132.122,26.83,synthetic,True,True,True,True
1086,2026-03-12T07:30:00+05:30,656.662,194.393,26.483,synthetic,True,True,True,True
1087,2026-03-12T07:45:00+05:30,692.586,254.104,26.715,synthetic,True,True,True,True
1088,2026-03-12T08:00:00+05:30,688.69,319.63,27.05,synthetic,True,True,True,True
1089,2026-03-12T08:15:00+05:30,734.95,361.365,27.258,synthetic,True,True,True,True
1090,2026-03-12T08:30:00+05:30,740.478,421.031,28.259,synthetic,True,True,True,True
1091,2026-03-12T08:45:00+05:30,751.113,473.018,28.634,synthetic,True,True,True,True
1092,2026-03-12T09:00:00+05:30,754.702,512.679,28.548,synthetic,True,True,True,True
1093,2026-03-12T09:15:00+05:30,750.567,563.527,29.06,synthetic,True,True,True,True
1094,2026-03-12T09:30:00+05:30,731.132,632.447,29.812,synthetic,True,True,True,True
1095,2026-03-12T09:45:00+05:30,721.382,645.987,29.982,synthetic,True,True,True,True
1096,2026-03-12T10:00:00+05:30,405.272,701.864,30.752,synthetic,True,True,True,True
1097,2026-03-12T10:15:00+05:30,396.065,754.542,30.663,synthetic,True,True,True,True
1098,2026-03-12T10:30:00+05:30,396.281,756.013,30.553,synthetic,True,True,True,True
1099,2026-03-12T10:45:00+05:30,431.725,793.504,31.174,synthetic,True,True,True,True
1100,2026-03-12T11:00:00+05:30,409.444,834.804,31.591,synthetic,True,True,True,True
1101,2026-03-12T11:15:00+05:30,404.119,882.409,32.01,synthetic,True,True,True,True
1102,2026-03-12T11:30:00+05:30,374.022,915.087,32.193,synthetic,True,True,True,True
1103,2026-03-12T11:45:00+05:30,373.943,952.871,32.631,synthetic,True,True,True,True
1104,2026-03-12T12:00:00+05:30,387.35,956.274,32.43,synthetic,True,True,True,True
1105,2026-03-12T12:15:00+05:30,388.893,973.996,31.826,synthetic,True,True,True,True
1106,2026-03-12T12:30:00+05:30,409.424,977.596,32.079,synthetic,True,True,True,True
1107,2026-03-12T12:45:00+05:30,432.446,964.978,32.164,synthetic,True,True,True,True
1108,2026-03-12T13:00:00+05:30,409.643,939.102,32.12,synthetic,True,True,True,True
1109,2026-03-12T13:15:00+05:30,400.795,911.703,32.787,synthetic,True,True,True,True
1110,2026-03-12T13:30:00+05:30,388.732,887.986,32.674,synthetic,True,True,True,True
1111,2026-03-12T13:45:00+05:30,372.211,866.661,33.31,synthetic,True,True,True,True
1112,2026-03-12T14:00:00+05:30,360.381,834.933,34.057,synthetic,True,True,True,True
1113,2026-03-12T14:15:00+05:30,372.936,799.665,34.081,synthetic,True,True,True,True
1114,2026-03-12T14:30:00+05:30,407.748,742.292,34.205,synthetic,True,True,True,True
1115,2026-03-12T14:45:00+05:30,416.017,672.519,33.604,synthetic,True,True,True,True
1116,2026-03-12T15:00:00+05:30,424.041,614.795,33.833,synthetic,True,True,True,True
1117,2026-03-12T15:15:00+05:30,433.444,594.385,34.756,synthetic,True,True,True,True
1118,2026-03-12T15:30:00+05:30,418.182,556.564,35.302,synthetic,True,True,True,True
1119,2026-03-12T15:45:00+05:30,404.635,496.089,35.286,synthetic,True,True,True,True
1120,2026-03-12T16:00:00+05:30,403.81,442.227,35.27,synthetic,True,True,True,True
1121,2026-03-12T16:15:00+05:30,420.675,389.054,35.196,synthetic,True,True,True,True
1122,2026-03-12T16:30:00+05:30,417.015,341.352,35.465,synthetic,True,True,True,True
1123,2026-03-12T16:45:00+05:30,422.949,290.411,35.03,synthetic,True,True,True,True
1124,2026-03-12T17:00:00+05:30,425.192,231.233,34.471,synthetic,True,True,True,True
1125,2026-03-12T17:15:00+05:30,393.848,171.372,34.782,synthetic,True,True,True,True
1126,2026-03-12T17:30:00+05:30,399.356,109.326,34.07,synthetic,True,True,True,True
1127,2026-03-12T17:45:00+05:30,403.351,54.584,34.294,synthetic,True,True,True,True
1128,2026-03-12T18:00:00+05:30,716.228,14.023,33.881,synthetic,True,True,True,True
1129,2026-03-12T18:15:00+05:30,702.512,0.162,33.172,synthetic,True,True,True,True
1130,2026-03-12T18:30:00+05:30,676.671,0.0,33.319,synthetic,True,True,True,True
1131,2026-03-12T18:45:00+05:30,694.299,0.0,32.7,synthetic,True,True,True,True
1132,2026-03-12T19:00:00+05:30,643.613,0.0,33.167,synthetic,True,True,True,True
1133,2026-03-12T19:15:00+05:30,635.715,0.0,32.937,synthetic,True,True,True,True
1134,2026-03-12T19:30:00+05:30,629.776,0.0,32.864,synthetic,True,True,True,True
1135,2026-03-12T19:45:00+05:30,622.559,0.0,32.605,synthetic,True,True,True,True
1136,2026-03-12T20:00:00+05:30,596.517,0.0,32.274,synthetic,True,True,True,True
1137,2026-03-12T20:15:00+05:30,615.543,0.0,31.909,synthetic,True,True,True,True
1138,2026-03-12T20:30:00+05:30,611.594,0.0,31.511,synthetic,True,True,True,True
1139,2026-03-12T20:45:00+05:30,607.543,0.0,30.923,synthetic,True,True,True,True
1140,2026-03-12T21:00:00+05:30,605.033,0.0,30.674,synthetic,True,True,True,True
1141,2026-03-12T21:15:00+05:30,602.485,0.0,30.259,synthetic,True,True,True,True
1142,2026-03-12T21:30:00+05:30,635.835,0.0,29.484,synthetic,True,True,True,True
1143,2026-03-12T21:45:00+05:30,668.09,0.0,29.294,synthetic,True,True,True,True
1144,2026-03-12T22:00:00+05:30,379.975,0.0,28.447,synthetic,True,True,True,True
1145,2026-03-12T22:15:00+05:30,369.408,0.0,27.61,synthetic,True,True,True,True
1146,2026-03-12T22:30:00+05:30,376.733,0.0,27.484,synthetic,True,True,True,True
1147,2026-03-12T22:45:00+05:30,369.469,0.0,26.575,synthetic,True,True,True,True
1148,2026-03-12T23:00:00+05:30,376.151,0.0,25.539,synthetic,True,True,True,True
1149,2026-03-12T23:15:00+05:30,366.025,0.0,25.537,synthetic,True,True,True,True
1150,2026-03-12T23:30:00+05:30,397.035,0.0,24.546,synthetic,True,True,True,True
1151,2026-03-12T23:45:00+05:30,363.034,0.0,24.129,synthetic,True,True,True,True
1152,2026-03-13T00:00:00+05:30,380.024,0.0,23.818,synthetic,True,True,True,True
1153,2026-03-13T00:15:00+05:30,412.694,0.0,23.516,synthetic,True,True,True,True
1154,2026-03-13T00:30:00+05:30,402.578,0.0,23.832,synthetic,True,True,True,True
1155,2026-03-13T00:45:00+05:30,397.737,0.0,23.988,synthetic,True,True,True,True
1156,2026-03-13T01:00:00+05:30,394.157,0.0,24.143,synthetic,True,True,True,True
1157,2026-03-13T01:15:00+05:30,422.144,0.0,23.475,synthetic,True,True,True,True
1158,2026-03-13T01:30:00+05:30,439.353,0.0,23.094,synthetic,True,True,True,True
1159,2026-03-13T01:45:00+05:30,437.307,0.0,22.998,synthetic,True,True,True,True
1160,2026-03-13T02:00:00+05:30,439.954,0.0,22.624,synthetic,True,True,True,True
1161,2026-03-13T02:15:00+05:30,426.252,0.0,23.009,synthetic,True,True,True,True
1162,2026-03-13T02:30:00+05:30,428.499,0.0,22.155,synthetic,True,True,True,True
1163,2026-03-13T02:45:00+05:30,440.113,0.0,22.042,synthetic,True,True,True,True
1164,2026-03-13T03:00:00+05:30,427.332,0.0,22.138,synthetic,True,True,True,True
1165,2026-03-13T03:15:00+05:30,446.497,0.0,22.45,synthetic,True,True,True,True
1166,2026-03-13T03:30:00+05:30,425.233,0.0,22.819,synthetic,True,True,True,True
1167,2026-03-13T03:45:00+05:30,408.97,0.0,22.571,synthetic,True,True,True,True
1168,2026-03-13T04:00:00+05:30,407.838,0.0,23.188,synthetic,True,True,True,True
1169,2026-03-13T04:15:00+05:30,421.112,0.0,23.953,synthetic,True,True,True,True
1170,2026-03-13T04:30:00+05:30,426.375,0.0,23.588,synthetic,True,True,True,True
1171,2026-03-13T04:45:00+05:30,421.716,0.0,24.19,synthetic,True,True,True,True
1172,2026-03-13T05:00:00+05:30,418.096,0.0,24.144,synthetic,True,True,True,True
1173,2026-03-13T05:15:00+05:30,423.903,0.0,24.06,synthetic,True,True,True,True
1174,2026-03-13T05:30:00+05:30,422.091,0.0,24.278,synthetic,True,True,True,True
1175,2026-03-13T05:45:00+05:30,422.428,0.0,24.288,synthetic,True,True,True,True
1176,2026-03-13T06:00:00+05:30,748.244,0.0,24.549,synthetic,True,True,True,True
1177,2026-03-13T06:15:00+05:30,758.119,0.0,24.71,synthetic,True,True,True,True
1178,2026-03-13T06:30:00+05:30,746.507,3.544,25.836,synthetic,True,True,True,True
1179,2026-03-13T06:45:00+05:30,744.998,29.596,25.901,synthetic,True,True,True,True
1180,2026-03-13T07:00:00+05:30,748.779,73.467,25.975,synthetic,True,True,True,True
1181,2026-03-13T07:15:00+05:30,740.136,120.104,26.026,synthetic,True,True,True,True
1182,2026-03-13T07:30:00+05:30,741.099,184.455,26.519,synthetic,True,True,True,True
1183,2026-03-13T07:45:00+05:30,702.542,248.84,26.171,synthetic,True,True,True,True
1184,2026-03-13T08:00:00+05:30,659.498,321.06,26.63,synthetic,True,True,True,True
1185,2026-03-13T08:15:00+05:30,620.235,379.146,27.113,synthetic,True,True,True,True
1186,2026-03-13T08:30:00+05:30,671.526,437.27,26.868,synthetic,True,True,True,True
1187,2026-03-13T08:45:00+05:30,705.413,482.025,27.292,synthetic,True,True,True,True
1188,2026-03-13T09:00:00+05:30,739.699,542.758,27.474,synthetic,True,True,True,True
1189,2026-03-13T09:15:00+05:30,715.009,574.67,27.766,synthetic,True,True,True,True
1190,2026-03-13T09:30:00+05:30,683.853,629.785,27.719,synthetic,True,True,True,True
1191,2026-03-13T09:45:00+05:30,688.315,651.698,27.718,synthetic,True,True,True,True
1192,2026-03-13T10:00:00+05:30,381.61,713.886,29.254,synthetic,True,True,True,True
1193,2026-03-13T10:15:00+05:30,380.226,759.796,29.979,synthetic,True,True,True,True
1194,2026-03-13T10:30:00+05:30,372.599,781.062,29.864,synthetic,True,True,True,True
1195,2026-03-13T10:45:00+05:30,366.428,773.913,31.131,synthetic,True,True,True,True
1196,2026-03-13T11:00:00+05:30,370.034,767.237,31.089,synthetic,True,True,True,True
1197,2026-03-13T11:15:00+05:30,362.854,819.782,31.442,synthetic,True,True,True,True
1198,2026-03-13T11:30:00+05:30,376.195,803.396,31.136,synthetic,True,True,True,True
1199,2026-03-13T11:45:00+05:30,408.46,858.349,31.744,synthetic,True,True,True,True
1200,2026-03-13T12:00:00+05:30,396.96,868.508,31.837,synthetic,True,True,True,True
1201,2026-03-13T12:15:00+05:30,402.351,895.163,32.074,synthetic,True,True,True,True
1202,2026-03-13T12:30:00+05:30,396.589,908.253,32.083,synthetic,True,True,True,True
1203,2026-03-13T12:45:00+05:30,416.469,919.465,32.147,synthetic,True,True,True,True
1204,2026-03-13T13:00:00+05:30,399.564,896.241,33.263,synthetic,True,True,True,True
1205,2026-03-13T13:15:00+05:30,382.983,880.437,34.172,synthetic,True,True,True,True
1206,2026-03-13T13:30:00+05:30,401.971,863.65,33.63,synthetic,True,True,True,True
1207,2026-03-13T13:45:00+05:30,407.729,819.099,33.562,synthetic,True,True,True,True
1208,2026-03-13T14:00:00+05:30,410.65,812.72,33.9,synthetic,True,True,True,True
1209,2026-03-13T14:15:00+05:30,401.874,800.148,34.206,synthetic,True,True,True,True
1210,2026-03-13T14:30:00+05:30,406.924,749.575,33.605,synthetic,True,True,True,True
1211,2026-03-13T14:45:00+05:30,398.625,692.23,32.716,synthetic,True,True,True,True
1212,2026-03-13T15:00:00+05:30,376.873,657.113,33.328,synthetic,True,True,True,True
1213,2026-03-13T15:15:00+05:30,379.261,601.319,33.144,synthetic,True,True,True,True
1214,2026-03-13T15:30:00+05:30,366.369,544.853,33.275,synthetic,True,True,True,True
1215,2026-03-13T15:45:00+05:30,376.345,497.958,32.586,synthetic,True,True,True,True
1216,2026-03-13T16:00:00+05:30,381.874,424.096,32.902,synthetic,True,True,True,True
1217,2026-03-13T16:15:00+05:30,385.23,353.753,32.873,synthetic,True,True,True,True
1218,2026-03-13T16:30:00+05:30,394.859,292.535,33.107,synthetic,True,True,True,True
1219,2026-03-13T16:45:00+05:30,390.608,254.887,33.152,synthetic,True,True,True,True
1220,2026-03-13T17:00:00+05:30,383.609,201.285,32.905,synthetic,True,True,True,True
1221,2026-03-13T17:15:00+05:30,389.529,157.264,32.584,synthetic,True,True,True,True
1222,2026-03-13T17:30:00+05:30,395.374,100.498,32.835,synthetic,True,True,True,True
1223,2026-03-13T17:45:00+05:30,382.856,51.903,32.865,synthetic,True,True,True,True
1224,2026-03-13T18:00:00+05:30,640.528,13.399,33.085,synthetic,True,True,True,True
1225,2026-03-13T18:15:00+05:30,630.148,0.151,33.303,synthetic,True,True,True,True
1226,2026-03-13T18:30:00+05:30,614.974,0.0,33.145,synthetic,True,True,True,True
1227,2026-03-13T18:45:00+05:30,632.016,0.0,32.127,synthetic,True,True,True,True
1228,2026-03-13T19:00:00+05:30,656.17,0.0,31.247,synthetic,True,True,True,True
1229,2026-03-13T19:15:00+05:30,648.707,0.0,31.08,synthetic,True,True,True,True
1230,2026-03-13T19:30:00+05:30,641.246,0.0,32.185,synthetic,True,True,True,True
1231,2026-03-13T19:45:00+05:30,658.569,0.0,31.829,synthetic,True,True,True,True
1232,2026-03-13T20:00:00+05:30,629.898,0.0,31.446,synthetic,True,True,True,True
1233,2026-03-13T20:15:00+05:30,661.086,0.0,30.96,synthetic,True,True,True,True
1234,2026-03-13T20:30:00+05:30,682.909,0.0,30.584,synthetic,True,True,True,True
1235,2026-03-13T20:45:00+05:30,684.606,0.0,29.909,synthetic,True,True,True,True
1236,2026-03-13T21:00:00+05:30,653.959,0.0,29.29,synthetic,True,True,True,True
1237,2026-03-13T21:15:00+05:30,652.872,0.0,28.266,synthetic,True,True,True,True
1238,2026-03-13T21:30:00+05:30,630.94,0.0,28.217,synthetic,True,True,True,True
1239,2026-03-13T21:45:00+05:30,633.939,0.0,27.729,synthetic,True,True,True,True
1240,2026-03-13T22:00:00+05:30,362.332,0.0,27.272,synthetic,True,True,True,True
1241,2026-03-13T22:15:00+05:30,386.224,0.0,26.831,synthetic,True,True,True,True
1242,2026-03-13T22:30:00+05:30,384.417,0.0,26.718,synthetic,True,True,True,True
1243,2026-03-13T22:45:00+05:30,373.836,0.0,26.382,synthetic,True,True,True,True
1244,2026-03-13T23:00:00+05:30,362.526,0.0,25.775,synthetic,True,True,True,True
1245,2026-03-13T23:15:00+05:30,360.009,0.0,25.64,synthetic,True,True,True,True
1246,2026-03-13T23:30:00+05:30,381.745,0.0,25.381,synthetic,True,True,True,True
1247,2026-03-13T23:45:00+05:30,392.733,0.0,25.247,synthetic,True,True,True,True
1248,2026-03-14T00:00:00+05:30,396.271,0.0,26.143,synthetic,True,True,True,True
1249,2026-03-14T00:15:00+05:30,392.219,0.0,26.479,synthetic,True,True,True,True
1250,2026-03-14T00:30:00+05:30,394.913,0.0,25.751,synthetic,True,True,True,True
1251,2026-03-14T00:45:00+05:30,406.591,0.0,25.29,synthetic,True,True,True,True
1252,2026-03-14T01:00:00+05:30,419.558,0.0,24.774,synthetic,True,True,True,True
1253,2026-03-14T01:15:00+05:30,413.896,0.0,25.367,synthetic,True,True,True,True
1254,2026-03-14T01:30:00+05:30,422.541,0.0,25.359,synthetic,True,True,True,True
1255,2026-03-14T01:45:00+05:30,437.355,0.0,24.825,synthetic,True,True,True,True
1256,2026-03-14T02:00:00+05:30,433.15,0.0,25.256,synthetic,True,True,True,True
1257,2026-03-14T02:15:00+05:30,428.453,0.0,24.378,synthetic,True,True,True,True
1258,2026-03-14T02:30:00+05:30,418.827,0.0,24.704,synthetic,True,True,True,True
1259,2026-03-14T02:45:00+05:30,445.167,0.0,24.724,synthetic,True,True,True,True
1260,2026-03-14T03:00:00+05:30,441.617,0.0,24.473,synthetic,True,True,True,True
1261,2026-03-14T03:15:00+05:30,448.673,0.0,24.489,synthetic,True,True,True,True
1262,2026-03-14T03:30:00+05:30,446.918,0.0,25.053,synthetic,True,True,True,True
1263,2026-03-14T03:45:00+05:30,441.404,0.0,24.813,synthetic,True,True,True,True
1264,2026-03-14T04:00:00+05:30,451.401,0.0,24.905,synthetic,True,True,True,True
1265,2026-03-14T04:15:00+05:30,444.833,0.0,25.5,synthetic,True,True,True,True
1266,2026-03-14T04:30:00+05:30,456.602,0.0,25.219,synthetic,True,True,True,True
1267,2026-03-14T04:45:00+05:30,454.4,0.0,25.565,synthetic,True,True,True,True
1268,2026-03-14T05:00:00+05:30,458.109,0.0,25.129,synthetic,True,True,True,True
1269,2026-03-14T05:15:00+05:30,451.333,0.0,25.671,synthetic,True,True,True,True
1270,2026-03-14T05:30:00+05:30,424.171,0.0,25.528,synthetic,True,True,True,True
1271,2026-03-14T05:45:00+05:30,415.436,0.0,26.007,synthetic,True,True,True,True
1272,2026-03-14T06:00:00+05:30,571.005,0.0,26.261,synthetic,True,True,True,True
1273,2026-03-14T06:15:00+05:30,545.322,0.0,26.517,synthetic,True,True,True,True
1274,2026-03-14T06:30:00+05:30,566.695,4.221,26.621,synthetic,True,True,True,True
1275,2026-03-14T06:45:00+05:30,566.045,33.119,26.921,synthetic,True,True,True,True
1276,2026-03-14T07:00:00+05:30,555.764,83.477,27.314,synthetic,True,True,True,True
1277,2026-03-14T07:15:00+05:30,549.679,139.142,27.396,synthetic,True,True,True,True
1278,2026-03-14T07:30:00+05:30,531.455,192.467,28.331,synthetic,True,True,True,True
1279,2026-03-14T07:45:00+05:30,513.894,246.91,28.57,synthetic,True,True,True,True
1280,2026-03-14T08:00:00+05:30,492.74,305.671,28.804,synthetic,True,True,True,True
1281,2026-03-14T08:15:00+05:30,534.49,350.846,29.615,synthetic,True,True,True,True
1282,2026-03-14T08:30:00+05:30,495.24,414.86,29.6,synthetic,True,True,True,True
1283,2026-03-14T08:45:00+05:30,498.926,485.712,30.669,synthetic,True,True,True,True
1284,2026-03-14T09:00:00+05:30,522.728,547.06,30.943,synthetic,True,True,True,True
1285,2026-03-14T09:15:00+05:30,503.853,608.676,31.927,synthetic,True,True,True,True
1286,2026-03-14T09:30:00+05:30,514.329,671.559,31.898,synthetic,True,True,True,True
1287,2026-03-14T09:45:00+05:30,547.493,716.134,32.535,synthetic,True,True,True,True
1288,2026-03-14T10:00:00+05:30,420.978,754.365,33.028,synthetic,True,True,True,True
1289,2026-03-14T10:15:00+05:30,413.165,800.161,33.114,synthetic,True,True,True,True
1290,2026-03-14T10:30:00+05:30,405.836,829.825,33.346,synthetic,True,True,True,True
1291,2026-03-14T10:45:00+05:30,405.337,855.978,33.474,synthetic,True,True,True,True
1292,2026-03-14T11:00:00+05:30,392.882,880.468,33.453,synthetic,True,True,True,True
1293,2026-03-14T11:15:00+05:30,392.984,881.226,33.243,synthetic,True,True,True,True
1294,2026-03-14T11:30:00+05:30,397.092,902.761,33.885,synthetic,True,True,True,True
1295,2026-03-14T11:45:00+05:30,392.282,900.303,34.436,synthetic,True,True,True,True
1296,2026-03-14T12:00:00+05:30,387.247,862.064,33.92,synthetic,True,True,True,True
1297,2026-03-14T12:15:00+05:30,390.474,902.119,34.542,synthetic,True,True,True,True
1298,2026-03-14T12:30:00+05:30,394.557,904.495,34.741,synthetic,True,True,True,True
1299,2026-03-14T12:45:00+05:30,386.706,898.692,34.837,synthetic,True,True,True,True
1300,2026-03-14T13:00:00+05:30,417.546,889.752,34.704,synthetic,True,True,True,True
1301,2026-03-14T13:15:00+05:30,428.849,892.107,35.189,synthetic,True,True,True,True
1302,2026-03-14T13:30:00+05:30,433.342,841.785,35.906,synthetic,True,True,True,True
1303,2026-03-14T13:45:00+05:30,421.613,808.239,35.432,synthetic,True,True,True,True
1304,2026-03-14T14:00:00+05:30,407.311,785.08,35.934,synthetic,True,True,True,True
1305,2026-03-14T14:15:00+05:30,420.695,764.099,36.127,synthetic,True,True,True,True
1306,2026-03-14T14:30:00+05:30,429.276,751.316,35.533,synthetic,True,True,True,True
1307,2026-03-14T14:45:00+05:30,425.463,728.017,35.922,synthetic,True,True,True,True
1308,2026-03-14T15:00:00+05:30,422.968,679.127,35.815,synthetic,True,True,True,True
1309,2026-03-14T15:15:00+05:30,401.049,620.26,35.827,synthetic,True,True,True,True
1310,2026-03-14T15:30:00+05:30,400.557,576.395,35.559,synthetic,True,True,True,True
1311,2026-03-14T15:45:00+05:30,393.601,501.421,35.999,synthetic,True,True,True,True
1312,2026-03-14T16:00:00+05:30,376.089,454.593,36.41,synthetic,True,True,True,True
1313,2026-03-14T16:15:00+05:30,377.848,397.533,35.661,synthetic,True,True,True,True
1314,2026-03-14T16:30:00+05:30,391.379,333.461,35.422,synthetic,True,True,True,True
1315,2026-03-14T16:45:00+05:30,404.522,272.539,34.388,synthetic,True,True,True,True
1316,2026-03-14T17:00:00+05:30,398.367,217.549,34.232,synthetic,True,True,True,True
1317,2026-03-14T17:15:00+05:30,399.894,156.312,34.44,synthetic,True,True,True,True
1318,2026-03-14T17:30:00+05:30,408.983,100.008,34.245,synthetic,True,True,True,True
1319,2026-03-14T17:45:00+05:30,414.556,49.384,33.702,synthetic,True,True,True,True
1320,2026-03-14T18:00:00+05:30,546.875,12.361,34.066,synthetic,True,True,True,True
1321,2026-03-14T18:15:00+05:30,525.817,0.155,34.529,synthetic,True,True,True,True
1322,2026-03-14T18:30:00+05:30,519.554,0.0,34.224,synthetic,True,True,True,True
1323,2026-03-14T18:45:00+05:30,510.339,0.0,33.493,synthetic,True,True,True,True
1324,2026-03-14T19:00:00+05:30,495.807,0.0,33.376,synthetic,True,True,True,True
1325,2026-03-14T19:15:00+05:30,494.477,0.0,32.829,synthetic,True,True,True,True
1326,2026-03-14T19:30:00+05:30,498.153,0.0,32.769,synthetic,True,True,True,True
1327,2026-03-14T19:45:00+05:30,502.714,0.0,32.094,synthetic,True,True,True,True
1328,2026-03-14T20:00:00+05:30,483.681,0.0,32.125,synthetic,True,True,True,True
1329,2026-03-14T20:15:00+05:30,448.901,0.0,32.518,synthetic,True,True,True,True
1330,2026-03-14T20:30:00+05:30,501.161,0.0,32.318,synthetic,True,True,True,True
1331,2026-03-14T20:45:00+05:30,496.775,0.0,32.01,synthetic,True,True,True,True
1332,2026-03-14T21:00:00+05:30,511.442,0.0,31.226,synthetic,True,True,True,True
1333,2026-03-14T21:15:00+05:30,513.271,0.0,30.71,synthetic,True,True,True,True
1334,2026-03-14T21:30:00+05:30,533.127,0.0,29.697,synthetic,True,True,True,True
1335,2026-03-14T21:45:00+05:30,524.189,0.0,29.124,synthetic,True,True,True,True
1336,2026-03-14T22:00:00+05:30,379.956,0.0,28.063,synthetic,True,True,True,True
1337,2026-03-14T22:15:00+05:30,376.961,0.0,28.2,synthetic,True,True,True,True
1338,2026-03-14T22:30:00+05:30,375.443,0.0,28.342,synthetic,True,True,True,True
1339,2026-03-14T22:45:00+05:30,387.483,0.0,28.231,synthetic,True,True,True,True
1340,2026-03-14T23:00:00+05:30,376.97,0.0,28.208,synthetic,True,True,True,True
1341,2026-03-14T23:15:00+05:30,409.482,0.0,27.481,synthetic,True,True,True,True
1342,2026-03-14T23:30:00+05:30,403.19,0.0,26.938,synthetic,True,True,True,True
1343,2026-03-14T23:45:00+05:30,409.52,0.0,26.481,synthetic,True,True,True,True
1344,2026-03-15T00:00:00+05:30,407.899,0.0,26.213,synthetic,True,True,True,True
1345,2026-03-15T00:15:00+05:30,400.611,0.0,25.375,synthetic,True,True,True,True
1346,2026-03-15T00:30:00+05:30,422.167,0.0,24.373,synthetic,True,True,True,True
1347,2026-03-15T00:45:00+05:30,426.988,0.0,24.417,synthetic,True,True,True,True
1348,2026-03-15T01:00:00+05:30,426.587,0.0,24.601,synthetic,True,True,True,True
1349,2026-03-15T01:15:00+05:30,427.038,0.0,24.542,synthetic,True,True,True,True
1350,2026-03-15T01:30:00+05:30,417.366,0.0,23.918,synthetic,True,True,True,True
1351,2026-03-15T01:45:00+05:30,428.764,0.0,23.079,synthetic,True,True,True,True
1352,2026-03-15T02:00:00+05:30,409.295,0.0,23.629,synthetic,True,True,True,True
1353,2026-03-15T02:15:00+05:30,421.564,0.0,23.107,synthetic,True,True,True,True
1354,2026-03-15T02:30:00+05:30,449.379,0.0,22.505,synthetic,True,True,True,True
1355,2026-03-15T02:45:00+05:30,455.168,0.0,21.635,synthetic,True,True,True,True
1356,2026-03-15T03:00:00+05:30,437.943,0.0,21.0,synthetic,True,True,True,True
1357,2026-03-15T03:15:00+05:30,443.903,0.0,21.227,synthetic,True,True,True,True
1358,2026-03-15T03:30:00+05:30,446.453,0.0,21.391,synthetic,True,True,True,True
1359,2026-03-15T03:45:00+05:30,420.914,0.0,22.411,synthetic,True,True,True,True
1360,2026-03-15T04:00:00+05:30,429.078,0.0,22.444,synthetic,True,True,True,True
1361,2026-03-15T04:15:00+05:30,434.891,0.0,23.006,synthetic,True,True,True,True
1362,2026-03-15T04:30:00+05:30,424.223,0.0,23.467,synthetic,True,True,True,True
1363,2026-03-15T04:45:00+05:30,432.86,0.0,23.731,synthetic,True,True,True,True
1364,2026-03-15T05:00:00+05:30,427.252,0.0,23.91,synthetic,True,True,True,True
1365,2026-03-15T05:15:00+05:30,424.277,0.0,23.661,synthetic,True,True,True,True
1366,2026-03-15T05:30:00+05:30,417.853,0.0,23.57,synthetic,True,True,True,True
1367,2026-03-15T05:45:00+05:30,418.129,0.0,23.806,synthetic,True,True,True,True
1368,2026-03-15T06:00:00+05:30,551.56,0.0,23.44,synthetic,True,True,True,True
1369,2026-03-15T06:15:00+05:30,573.475,0.0,23.733,synthetic,True,True,True,True
1370,2026-03-15T06:30:00+05:30,565.025,4.802,23.816,synthetic,True,True,True,True
1371,2026-03-15T06:45:00+05:30,548.29,35.167,24.476,synthetic,True,True,True,True
1372,2026-03-15T07:00:00+05:30,548.858,86.082,24.941,synthetic,True,True,True,True
1373,2026-03-15T07:15:00+05:30,519.52,146.588,25.243,synthetic,True,True,True,True
1374,2026-03-15T07:30:00+05:30,529.362,211.966,25.929,synthetic,True,True,True,True
1375,2026-03-15T07:45:00+05:30,495.27,277.269,26.517,synthetic,True,True,True,True
1376,2026-03-15T08:00:00+05:30,486.719,342.026,26.727,synthetic,True,True,True,True
1377,2026-03-15T08:15:00+05:30,498.434,405.159,26.076,synthetic,True,True,True,True
1378,2026-03-15T08:30:00+05:30,494.609,464.57,26.812,synthetic,True,True,True,True
1379,2026-03-15T08:45:00+05:30,511.692,530.985,27.045,synthetic,True,True,True,True
1380,2026-03-15T09:00:00+05:30,517.52,586.018,27.403,synthetic,True,True,True,True
1381,2026-03-15T09:15:00+05:30,487.198,618.4,27.937,synthetic,True,True,True,True
1382,2026-03-15T09:30:00+05:30,525.328,675.904,28.512,synthetic,True,True,True,True
1383,2026-03-15T09:45:00+05:30,520.102,724.673,28.257,synthetic,True,True,True,True
1384,2026-03-15T10:00:00+05:30,378.868,739.095,28.292,synthetic,True,True,True,True
1385,2026-03-15T10:15:00+05:30,384.034,795.369,29.365,synthetic,True,True,True,True
1386,2026-03-15T10:30:00+05:30,388.842,822.739,29.939,synthetic,True,True,True,True
1387,2026-03-15T10:45:00+05:30,386.366,871.493,29.858,synthetic,True,True,True,True
1388,2026-03-15T11:00:00+05:30,383.248,899.462,30.569,synthetic,True,True,True,True
1389,2026-03-15T11:15:00+05:30,381.182,920.748,30.794,synthetic,True,True,True,True
1390,2026-03-15T11:30:00+05:30,388.789,931.664,31.429,synthetic,True,True,True,True
1391,2026-03-15T11:45:00+05:30,392.672,952.109,31.56,synthetic,True,True,True,True
1392,2026-03-15T12:00:00+05:30,366.357,961.085,31.998,synthetic,True,True,True,True
1393,2026-03-15T12:15:00+05:30,361.909,967.19,32.829,synthetic,True,True,True,True
1394,2026-03-15T12:30:00+05:30,380.145,943.55,33.626,synthetic,True,True,True,True
1395,2026-03-15T12:45:00+05:30,401.706,911.332,33.61,synthetic,True,True,True,True
1396,2026-03-15T13:00:00+05:30,406.567,889.278,33.807,synthetic,True,True,True,True
1397,2026-03-15T13:15:00+05:30,390.233,866.374,33.801,synthetic,True,True,True,True
1398,2026-03-15T13:30:00+05:30,389.909,863.777,34.354,synthetic,True,True,True,True
1399,2026-03-15T13:45:00+05:30,391.012,845.683,34.28,synthetic,True,True,True,True
1400,2026-03-15T14:00:00+05:30,396.997,806.613,34.624,synthetic,True,True,True,True
1401,2026-03-15T14:15:00+05:30,385.534,762.551,35.177,synthetic,True,True,True,True
1402,2026-03-15T14:30:00+05:30,380.451,759.101,34.988,synthetic,True,True,True,True
1403,2026-03-15T14:45:00+05:30,379.438,723.95,34.286,synthetic,True,True,True,True
1404,2026-03-15T15:00:00+05:30,385.096,672.151,34.683,synthetic,True,True,True,True
1405,2026-03-15T15:15:00+05:30,380.096,621.149,35.068,synthetic,True,True,True,True
1406,2026-03-15T15:30:00+05:30,389.66,579.788,35.296,synthetic,True,True,True,True
1407,2026-03-15T15:45:00+05:30,378.067,514.318,35.25,synthetic,True,True,True,True
1408,2026-03-15T16:00:00+05:30,382.453,460.568,35.074,synthetic,True,True,True,True
1409,2026-03-15T16:15:00+05:30,384.75,407.421,34.994,synthetic,True,True,True,True
1410,2026-03-15T16:30:00+05:30,393.031,354.767,34.77,synthetic,True,True,True,True
1411,2026-03-15T16:45:00+05:30,378.657,293.864,34.73,synthetic,True,True,True,True
1412,2026-03-15T17:00:00+05:30,402.641,231.466,34.716,synthetic,True,True,True,True
1413,2026-03-15T17:15:00+05:30,399.743,169.68,34.649,synthetic,True,True,True,True
1414,2026-03-15T17:30:00+05:30,408.846,108.681,33.702,synthetic,True,True,True,True
1415,2026-03-15T17:45:00+05:30,393.565,54.62,33.424,synthetic,True,True,True,True
1416,2026-03-15T18:00:00+05:30,530.407,13.78,33.119,synthetic,True,True,True,True
1417,2026-03-15T18:15:00+05:30,532.816,0.176,32.435,synthetic,True,True,True,True
1418,2026-03-15T18:30:00+05:30,545.916,0.0,32.184,synthetic,True,True,True,True
1419,2026-03-15T18:45:00+05:30,546.876,0.0,31.637,synthetic,True,True,True,True
1420,2026-03-15T19:00:00+05:30,526.49,0.0,31.555,synthetic,True,True,True,True
1421,2026-03-15T19:15:00+05:30,545.347,0.0,31.337,synthetic,True,True,True,True
1422,2026-03-15T19:30:00+05:30,522.284,0.0,31.871,synthetic,True,True,True,True
1423,2026-03-15T19:45:00+05:30,495.183,0.0,31.797,synthetic,True,True,True,True
1424,2026-03-15T20:00:00+05:30,535.34,0.0,31.218,synthetic,True,True,True,True
1425,2026-03-15T20:15:00+05:30,550.029,0.0,30.781,synthetic,True,True,True,True
1426,2026-03-15T20:30:00+05:30,570.273,0.0,30.809,synthetic,True,True,True,True
1427,2026-03-15T20:45:00+05:30,565.647,0.0,30.01,synthetic,True,True,True,True
1428,2026-03-15T21:00:00+05:30,558.113,0.0,29.533,synthetic,True,True,True,True
1429,2026-03-15T21:15:00+05:30,571.412,0.0,29.346,synthetic,True,True,True,True
1430,2026-03-15T21:30:00+05:30,560.795,0.0,28.18,synthetic,True,True,True,True
1431,2026-03-15T21:45:00+05:30,577.446,0.0,27.639,synthetic,True,True,True,True
1432,2026-03-15T22:00:00+05:30,433.241,0.0,27.753,synthetic,True,True,True,True
1433,2026-03-15T22:15:00+05:30,430.519,0.0,26.707,synthetic,True,True,True,True
1434,2026-03-15T22:30:00+05:30,412.668,0.0,26.137,synthetic,True,True,True,True
1435,2026-03-15T22:45:00+05:30,400.454,0.0,26.31,synthetic,True,True,True,True
1436,2026-03-15T23:00:00+05:30,396.153,0.0,26.662,synthetic,True,True,True,True
1437,2026-03-15T23:15:00+05:30,416.631,0.0,26.74,synthetic,True,True,True,True
1438,2026-03-15T23:30:00+05:30,406.608,0.0,26.101,synthetic,True,True,True,True
1439,2026-03-15T23:45:00+05:30,411.889,0.0,25.832,synthetic,True,True,True,True
1440,2026-03-16T00:00:00+05:30,416.082,0.0,25.458,synthetic,True,True,True,True
1441,2026-03-16T00:15:00+05:30,438.817,0.0,25.87,synthetic,True,True,True,True
1442,2026-03-16T00:30:00+05:30,409.962,0.0,25.749,synthetic,True,True,True,True
1443,2026-03-16T00:45:00+05:30,415.272,0.0,25.275,synthetic,True,True,True,True
1444,2026-03-16T01:00:00+05:30,405.445,0.0,25.317,synthetic,True,True,True,True
1445,2026-03-16T01:15:00+05:30,402.004,0.0,25.066,synthetic,True,True,True,True
1446,2026-03-16T01:30:00+05:30,409.835,0.0,25.526,synthetic,True,True,True,True
1447,2026-03-16T01:45:00+05:30,385.951,0.0,25.767,synthetic,True,True,True,True
1448,2026-03-16T02:00:00+05:30,381.846,0.0,25.902,synthetic,True,True,True,True
1449,2026-03-16T02:15:00+05:30,406.958,0.0,26.592,synthetic,True,True,True,True
1450,2026-03-16T02:30:00+05:30,418.996,0.0,26.785,synthetic,True,True,True,True
1451,2026-03-16T02:45:00+05:30,423.268,0.0,26.09,synthetic,True,True,True,True
1452,2026-03-16T03:00:00+05:30,419.893,0.0,26.371,synthetic,True,True,True,True
1453,2026-03-16T03:15:00+05:30,424.071,0.0,26.044,synthetic,True,True,True,True
1454,2026-03-16T03:30:00+05:30,406.165,0.0,27.061,synthetic,True,True,True,True
1455,2026-03-16T03:45:00+05:30,410.557,0.0,27.233,synthetic,True,True,True,True
1456,2026-03-16T04:00:00+05:30,411.406,0.0,27.259,synthetic,True,True,True,True
1457,2026-03-16T04:15:00+05:30,420.619,0.0,27.125,synthetic,True,True,True,True
1458,2026-03-16T04:30:00+05:30,410.491,0.0,26.087,synthetic,True,True,True,True
1459,2026-03-16T04:45:00+05:30,413.565,0.0,26.115,synthetic,True,True,True,True
1460,2026-03-16T05:00:00+05:30,404.738,0.0,26.261,synthetic,True,True,True,True
1461,2026-03-16T05:15:00+05:30,396.058,0.0,26.946,synthetic,True,True,True,True
1462,2026-03-16T05:30:00+05:30,397.809,0.0,27.309,synthetic,True,True,True,True
1463,2026-03-16T05:45:00+05:30,397.986,0.0,27.991,synthetic,True,True,True,True
1464,2026-03-16T06:00:00+05:30,698.618,0.0,27.773,synthetic,True,True,True,True
1465,2026-03-16T06:15:00+05:30,746.869,0.0,28.112,synthetic,True,True,True,True
1466,2026-03-16T06:30:00+05:30,741.74,5.154,28.079,synthetic,True,True,True,True
1467,2026-03-16T06:45:00+05:30,723.506,32.698,27.825,synthetic,True,True,True,True
1468,2026-03-16T07:00:00+05:30,743.556,77.532,27.838,synthetic,True,True,True,True
1469,2026-03-16T07:15:00+05:30,721.628,138.125,27.348,synthetic,True,True,True,True
1470,2026-03-16T07:30:00+05:30,688.89,204.569,28.593,synthetic,True,True,True,True
1471,2026-03-16T07:45:00+05:30,707.722,266.758,28.543,synthetic,True,True,True,True
1472,2026-03-16T08:00:00+05:30,693.392,327.811,28.583,synthetic,True,True,True,True
1473,2026-03-16T08:15:00+05:30,687.736,393.239,29.463,synthetic,True,True,True,True
1474,2026-03-16T08:30:00+05:30,692.761,448.501,29.518,synthetic,True,True,True,True
1475,2026-03-16T08:45:00+05:30,692.506,507.518,30.492,synthetic,True,True,True,True
1476,2026-03-16T09:00:00+05:30,700.17,546.975,30.74,synthetic,True,True,True,True
1477,2026-03-16T09:15:00+05:30,705.882,575.685,31.291,synthetic,True,True,True,True
1478,2026-03-16T09:30:00+05:30,700.059,610.551,31.114,synthetic,True,True,True,True
1479,2026-03-16T09:45:00+05:30,670.35,664.934,31.991,synthetic,True,True,True,True
1480,2026-03-16T10:00:00+05:30,385.653,701.198,31.77,synthetic,True,True,True,True
1481,2026-03-16T10:15:00+05:30,388.852,743.488,31.966,synthetic,True,True,True,True
1482,2026-03-16T10:30:00+05:30,395.563,748.582,32.195,synthetic,True,True,True,True
1483,2026-03-16T10:45:00+05:30,394.732,761.912,32.353,synthetic,True,True,True,True
1484,2026-03-16T11:00:00+05:30,403.598,696.68,33.018,synthetic,True,True,True,True
1485,2026-03-16T11:15:00+05:30,401.374,712.153,33.345,synthetic,True,True,True,True
1486,2026-03-16T11:30:00+05:30,401.029,705.429,32.501,synthetic,True,True,True,True
1487,2026-03-16T11:45:00+05:30,423.202,766.82,32.574,synthetic,True,True,True,True
1488,2026-03-16T12:00:00+05:30,418.026,820.065,32.294,synthetic,True,True,True,True
1489,2026-03-16T12:15:00+05:30,415.094,869.908,32.492,synthetic,True,True,True,True
1490,2026-03-16T12:30:00+05:30,421.844,854.238,33.032,synthetic,True,True,True,True
1491,2026-03-16T12:45:00+05:30,429.269,859.752,34.275,synthetic,True,True,True,True
1492,2026-03-16T13:00:00+05:30,430.969,889.789,34.079,synthetic,True,True,True,True
1493,2026-03-16T13:15:00+05:30,426.998,841.786,34.742,synthetic,True,True,True,True
1494,2026-03-16T13:30:00+05:30,414.653,833.889,34.68,synthetic,True,True,True,True
1495,2026-03-16T13:45:00+05:30,408.881,839.381,33.256,synthetic,True,True,True,True
1496,2026-03-16T14:00:00+05:30,419.828,797.419,33.598,synthetic,True,True,True,True
1497,2026-03-16T14:15:00+05:30,419.962,791.791,34.066,synthetic,True,True,True,True
1498,2026-03-16T14:30:00+05:30,430.971,767.845,33.917,synthetic,True,True,True,True
1499,2026-03-16T14:45:00+05:30,430.534,725.668,34.854,synthetic,True,True,True,True
1500,2026-03-16T15:00:00+05:30,409.665,688.641,34.463,synthetic,True,True,True,True
1501,2026-03-16T15:15:00+05:30,390.549,634.119,34.202,synthetic,True,True,True,True
1502,2026-03-16T15:30:00+05:30,415.554,585.426,34.376,synthetic,True,True,True,True
1503,2026-03-16T15:45:00+05:30,429.425,531.808,34.904,synthetic,True,True,True,True
1504,2026-03-16T16:00:00+05:30,439.451,471.692,35.388,synthetic,True,True,True,True
1505,2026-03-16T16:15:00+05:30,422.83,407.102,35.644,synthetic,True,True,True,True
1506,2026-03-16T16:30:00+05:30,408.002,351.356,35.39,synthetic,True,True,True,True
1507,2026-03-16T16:45:00+05:30,386.899,296.678,35.82,synthetic,True,True,True,True
1508,2026-03-16T17:00:00+05:30,391.599,230.097,35.473,synthetic,True,True,True,True
1509,2026-03-16T17:15:00+05:30,400.084,164.885,35.45,synthetic,True,True,True,True
1510,2026-03-16T17:30:00+05:30,398.163,107.472,34.902,synthetic,True,True,True,True
1511,2026-03-16T17:45:00+05:30,394.568,51.139,33.937,synthetic,True,True,True,True
1512,2026-03-16T18:00:00+05:30,695.887,13.008,33.377,synthetic,True,True,True,True
1513,2026-03-16T18:15:00+05:30,705.713,0.174,33.241,synthetic,True,True,True,True
1514,2026-03-16T18:30:00+05:30,696.877,0.0,33.173,synthetic,True,True,True,True
1515,2026-03-16T18:45:00+05:30,710.476,0.0,33.051,synthetic,True,True,True,True
1516,2026-03-16T19:00:00+05:30,699.597,0.0,32.529,synthetic,True,True,True,True
1517,2026-03-16T19:15:00+05:30,685.381,0.0,32.583,synthetic,True,True,True,True
1518,2026-03-16T19:30:00+05:30,678.488,0.0,31.951,synthetic,True,True,True,True
1519,2026-03-16T19:45:00+05:30,681.866,0.0,31.829,synthetic,True,True,True,True
1520,2026-03-16T20:00:00+05:30,695.244,0.0,30.88,synthetic,True,True,True,True
1521,2026-03-16T20:15:00+05:30,665.298,0.0,30.493,synthetic,True,True,True,True
1522,2026-03-16T20:30:00+05:30,631.745,0.0,30.329,synthetic,True,True,True,True
1523,2026-03-16T20:45:00+05:30,629.5,0.0,29.887,synthetic,True,True,True,True
1524,2026-03-16T21:00:00+05:30,592.508,0.0,30.148,synthetic,True,True,True,True
1525,2026-03-16T21:15:00+05:30,602.018,0.0,30.032,synthetic,True,True,True,True
1526,2026-03-16T21:30:00+05:30,557.53,0.0,30.161,synthetic,True,True,True,True
1527,2026-03-16T21:45:00+05:30,593.299,0.0,29.743,synthetic,True,True,True,True
1528,2026-03-16T22:00:00+05:30,343.997,0.0,29.275,synthetic,True,True,True,True
1529,2026-03-16T22:15:00+05:30,342.891,0.0,28.602,synthetic,True,True,True,True
1530,2026-03-16T22:30:00+05:30,337.265,0.0,28.137,synthetic,True,True,True,True
1531,2026-03-16T22:45:00+05:30,349.625,0.0,28.048,synthetic,True,True,True,True
1532,2026-03-16T23:00:00+05:30,373.927,0.0,27.792,synthetic,True,True,True,True
1533,2026-03-16T23:15:00+05:30,390.156,0.0,27.986,synthetic,True,True,True,True
1534,2026-03-16T23:30:00+05:30,398.316,0.0,27.281,synthetic,True,True,True,True
1535,2026-03-16T23:45:00+05:30,416.206,0.0,27.062,synthetic,True,True,True,True
1536,2026-03-17T00:00:00+05:30,428.805,0.0,27.594,synthetic,True,True,True,True
1537,2026-03-17T00:15:00+05:30,437.261,0.0,26.663,synthetic,True,True,True,True
1538,2026-03-17T00:30:00+05:30,423.286,0.0,25.54,synthetic,True,True,True,True
1539,2026-03-17T00:45:00+05:30,449.504,0.0,24.82,synthetic,True,True,True,True
1540,2026-03-17T01:00:00+05:30,440.323,0.0,23.977,synthetic,True,True,True,True
1541,2026-03-17T01:15:00+05:30,439.385,0.0,23.572,synthetic,True,True,True,True
1542,2026-03-17T01:30:00+05:30,427.493,0.0,22.722,synthetic,True,True,True,True
1543,2026-03-17T01:45:00+05:30,440.368,0.0,22.672,synthetic,True,True,True,True
1544,2026-03-17T02:00:00+05:30,430.019,0.0,22.285,synthetic,True,True,True,True
1545,2026-03-17T02:15:00+05:30,445.837,0.0,22.512,synthetic,True,True,True,True
1546,2026-03-17T02:30:00+05:30,431.112,0.0,22.276,synthetic,True,True,True,True
1547,2026-03-17T02:45:00+05:30,419.509,0.0,22.858,synthetic,True,True,True,True
1548,2026-03-17T03:00:00+05:30,441.584,0.0,22.233,synthetic,True,True,True,True
1549,2026-03-17T03:15:00+05:30,431.752,0.0,22.131,synthetic,True,True,True,True
1550,2026-03-17T03:30:00+05:30,438.861,0.0,22.17,synthetic,True,True,True,True
1551,2026-03-17T03:45:00+05:30,436.989,0.0,22.771,synthetic,True,True,True,True
1552,2026-03-17T04:00:00+05:30,451.851,0.0,23.023,synthetic,True,True,True,True
1553,2026-03-17T04:15:00+05:30,443.502,0.0,22.769,synthetic,True,True,True,True
1554,2026-03-17T04:30:00+05:30,435.409,0.0,23.252,synthetic,True,True,True,True
1555,2026-03-17T04:45:00+05:30,423.187,0.0,23.13,synthetic,True,True,True,True
1556,2026-03-17T05:00:00+05:30,404.215,0.0,23.408,synthetic,True,True,True,True
1557,2026-03-17T05:15:00+05:30,418.51,0.0,23.201,synthetic,True,True,True,True
1558,2026-03-17T05:30:00+05:30,397.478,0.0,23.505,synthetic,True,True,True,True
1559,2026-03-17T05:45:00+05:30,388.045,0.0,23.478,synthetic,True,True,True,True
1560,2026-03-17T06:00:00+05:30,653.281,0.0,23.884,synthetic,True,True,True,True
1561,2026-03-17T06:15:00+05:30,657.5,0.0,24.246,synthetic,True,True,True,True
1562,2026-03-17T06:30:00+05:30,692.664,6.258,24.842,synthetic,True,True,True,True
1563,2026-03-17T06:45:00+05:30,686.507,38.488,25.564,synthetic,True,True,True,True
1564,2026-03-17T07:00:00+05:30,718.197,89.548,26.479,synthetic,True,True,True,True
1565,2026-03-17T07:15:00+05:30,737.095,150.84,27.558,synthetic,True,True,True,True
1566,2026-03-17T07:30:00+05:30,720.131,212.35,28.231,synthetic,True,True,True,True
1567,2026-03-17T07:45:00+05:30,738.532,272.196,28.476,synthetic,True,True,True,True
1568,2026-03-17T08:00:00+05:30,742.099,335.759,28.546,synthetic,True,True,True,True
1569,2026-03-17T08:15:00+05:30,717.757,381.166,28.247,synthetic,True,True,True,True
1570,2026-03-17T08:30:00+05:30,693.806,428.977,29.148,synthetic,True,True,True,True
1571,2026-03-17T08:45:00+05:30,710.015,485.409,29.057,synthetic,True,True,True,True
1572,2026-03-17T09:00:00+05:30,716.641,530.676,29.275,synthetic,True,True,True,True
1573,2026-03-17T09:15:00+05:30,756.361,587.137,29.199,synthetic,True,True,True,True
1574,2026-03-17T09:30:00+05:30,768.998,603.46,29.903,synthetic,True,True,True,True
1575,2026-03-17T09:45:00+05:30,750.971,615.557,29.637,synthetic,True,True,True,True
1576,2026-03-17T10:00:00+05:30,432.767,681.86,29.964,synthetic,True,True,True,True
1577,2026-03-17T10:15:00+05:30,443.863,727.179,30.213,synthetic,True,True,True,True
1578,2026-03-17T10:30:00+05:30,441.814,753.735,30.367,synthetic,True,True,True,True
1579,2026-03-17T10:45:00+05:30,427.665,769.314,31.585,synthetic,True,True,True,True
1580,2026-03-17T11:00:00+05:30,426.764,840.101,31.009,synthetic,True,True,True,True
1581,2026-03-17T11:15:00+05:30,407.735,862.527,30.931,synthetic,True,True,True,True
1582,2026-03-17T11:30:00+05:30,402.373,879.699,30.574,synthetic,True,True,True,True
1583,2026-03-17T11:45:00+05:30,425.622,916.296,31.403,synthetic,True,True,True,True
1584,2026-03-17T12:00:00+05:30,401.87,897.193,31.69,synthetic,True,True,True,True
1585,2026-03-17T12:15:00+05:30,398.355,872.639,32.308,synthetic,True,True,True,True
1586,2026-03-17T12:30:00+05:30,374.386,907.458,32.712,synthetic,True,True,True,True
1587,2026-03-17T12:45:00+05:30,370.234,926.818,33.858,synthetic,True,True,True,True
1588,2026-03-17T13:00:00+05:30,365.409,892.273,33.734,synthetic,True,True,True,True
1589,2026-03-17T13:15:00+05:30,376.204,865.348,33.453,synthetic,True,True,True,True
1590,2026-03-17T13:30:00+05:30,384.204,840.824,33.258,synthetic,True,True,True,True
1591,2026-03-17T13:45:00+05:30,421.495,813.488,32.862,synthetic,True,True,True,True
1592,2026-03-17T14:00:00+05:30,419.306,740.496,33.522,synthetic,True,True,True,True
1593,2026-03-17T14:15:00+05:30,399.822,708.696,33.776,synthetic,True,True,True,True
1594,2026-03-17T14:30:00+05:30,398.366,647.777,34.079,synthetic,True,True,True,True
1595,2026-03-17T14:45:00+05:30,374.717,617.821,33.497,synthetic,True,True,True,True
1596,2026-03-17T15:00:00+05:30,390.424,554.963,34.007,synthetic,True,True,True,True
1597,2026-03-17T15:15:00+05:30,392.804,523.469,34.137,synthetic,True,True,True,True
1598,2026-03-17T15:30:00+05:30,388.964,496.49,34.601,synthetic,True,True,True,True
1599,2026-03-17T15:45:00+05:30,417.881,457.886,35.134,synthetic,True,True,True,True
1600,2026-03-17T16:00:00+05:30,404.117,421.738,35.732,synthetic,True,True,True,True
1601,2026-03-17T16:15:00+05:30,403.21,377.601,35.028,synthetic,True,True,True,True
1602,2026-03-17T16:30:00+05:30,413.271,323.843,34.951,synthetic,True,True,True,True
1603,2026-03-17T16:45:00+05:30,424.665,276.28,34.928,synthetic,True,True,True,True
1604,2026-03-17T17:00:00+05:30,400.359,225.685,35.068,synthetic,True,True,True,True
1605,2026-03-17T17:15:00+05:30,403.891,166.912,34.227,synthetic,True,True,True,True
1606,2026-03-17T17:30:00+05:30,395.763,107.362,34.234,synthetic,True,True,True,True
1607,2026-03-17T17:45:00+05:30,421.816,53.05,34.444,synthetic,True,True,True,True
1608,2026-03-17T18:00:00+05:30,684.851,13.815,34.109,synthetic,True,True,True,True
1609,2026-03-17T18:15:00+05:30,714.025,0.189,33.927,synthetic,True,True,True,True
1610,2026-03-17T18:30:00+05:30,690.383,0.0,32.879,synthetic,True,True,True,True
1611,2026-03-17T18:45:00+05:30,696.378,0.0,32.618,synthetic,True,True,True,True
1612,2026-03-17T19:00:00+05:30,705.228,0.0,33.09,synthetic,True,True,True,True
1613,2026-03-17T19:15:00+05:30,700.071,0.0,32.888,synthetic,True,True,True,True
1614,2026-03-17T19:30:00+05:30,700.447,0.0,32.941,synthetic,True,True,True,True
1615,2026-03-17T19:45:00+05:30,664.638,0.0,32.116,synthetic,True,True,True,True
1616,2026-03-17T20:00:00+05:30,650.994,0.0,31.233,synthetic,True,True,True,True
1617,2026-03-17T20:15:00+05:30,650.053,0.0,30.329,synthetic,True,True,True,True
1618,2026-03-17T20:30:00+05:30,658.516,0.0,30.714,synthetic,True,True,True,True
1619,2026-03-17T20:45:00+05:30,677.004,0.0,30.706,synthetic,True,True,True,True
1620,2026-03-17T21:00:00+05:30,683.395,0.0,30.676,synthetic,True,True,True,True
1621,2026-03-17T21:15:00+05:30,657.809,0.0,29.99,synthetic,True,True,True,True
1622,2026-03-17T21:30:00+05:30,693.172,0.0,29.857,synthetic,True,True,True,True
1623,2026-03-17T21:45:00+05:30,686.367,0.0,28.945,synthetic,True,True,True,True
1624,2026-03-17T22:00:00+05:30,411.642,0.0,28.736,synthetic,True,True,True,True
1625,2026-03-17T22:15:00+05:30,405.928,0.0,28.763,synthetic,True,True,True,True
1626,2026-03-17T22:30:00+05:30,392.187,0.0,27.892,synthetic,True,True,True,True
1627,2026-03-17T22:45:00+05:30,408.655,0.0,27.761,synthetic,True,True,True,True
1628,2026-03-17T23:00:00+05:30,400.934,0.0,27.457,synthetic,True,True,True,True
1629,2026-03-17T23:15:00+05:30,406.665,0.0,27.209,synthetic,True,True,True,True
1630,2026-03-17T23:30:00+05:30,374.23,0.0,25.583,synthetic,True,True,True,True
1631,2026-03-17T23:45:00+05:30,371.713,0.0,24.737,synthetic,True,True,True,True
1632,2026-03-18T00:00:00+05:30,378.24,0.0,24.846,synthetic,True,True,True,True
1633,2026-03-18T00:15:00+05:30,368.892,0.0,25.666,synthetic,True,True,True,True
1634,2026-03-18T00:30:00+05:30,366.584,0.0,25.069,synthetic,True,True,True,True
1635,2026-03-18T00:45:00+05:30,375.631,0.0,24.947,synthetic,True,True,True,True
1636,2026-03-18T01:00:00+05:30,347.41,0.0,25.756,synthetic,True,True,True,True
1637,2026-03-18T01:15:00+05:30,359.792,0.0,25.921,synthetic,True,True,True,True
1638,2026-03-18T01:30:00+05:30,360.714,0.0,25.392,synthetic,True,True,True,True
1639,2026-03-18T01:45:00+05:30,387.022,0.0,25.067,synthetic,True,True,True,True
1640,2026-03-18T02:00:00+05:30,373.201,0.0,25.361,synthetic,True,True,True,True
1641,2026-03-18T02:15:00+05:30,368.438,0.0,24.976,synthetic,True,True,True,True
1642,2026-03-18T02:30:00+05:30,372.578,0.0,24.525,synthetic,True,True,True,True
1643,2026-03-18T02:45:00+05:30,364.549,0.0,23.528,synthetic,True,True,True,True
1644,2026-03-18T03:00:00+05:30,386.813,0.0,23.839,synthetic,True,True,True,True
1645,2026-03-18T03:15:00+05:30,408.806,0.0,23.771,synthetic,True,True,True,True
1646,2026-03-18T03:30:00+05:30,428.376,0.0,23.793,synthetic,True,True,True,True
1647,2026-03-18T03:45:00+05:30,426.228,0.0,24.459,synthetic,True,True,True,True
1648,2026-03-18T04:00:00+05:30,440.422,0.0,24.114,synthetic,True,True,True,True
1649,2026-03-18T04:15:00+05:30,448.526,0.0,23.942,synthetic,True,True,True,True
1650,2026-03-18T04:30:00+05:30,439.213,0.0,24.114,synthetic,True,True,True,True
1651,2026-03-18T04:45:00+05:30,434.538,0.0,24.369,synthetic,True,True,True,True
1652,2026-03-18T05:00:00+05:30,420.381,0.0,24.4,synthetic,True,True,True,True
1653,2026-03-18T05:15:00+05:30,405.617,0.0,24.231,synthetic,True,True,True,True
1654,2026-03-18T05:30:00+05:30,403.078,0.0,24.227,synthetic,True,True,True,True
1655,2026-03-18T05:45:00+05:30,412.801,0.0,24.396,synthetic,True,True,True,True
1656,2026-03-18T06:00:00+05:30,722.079,0.0,24.547,synthetic,True,True,True,True
1657,2026-03-18T06:15:00+05:30,705.957,0.0,24.696,synthetic,True,True,True,True
1658,2026-03-18T06:30:00+05:30,708.9,6.452,24.29,synthetic,True,True,True,True
1659,2026-03-18T06:45:00+05:30,719.511,34.793,24.751,synthetic,True,True,True,True
1660,2026-03-18T07:00:00+05:30,693.601,80.39,24.676,synthetic,True,True,True,True
1661,2026-03-18T07:15:00+05:30,713.712,130.138,24.571,synthetic,True,True,True,True
1662,2026-03-18T07:30:00+05:30,705.045,189.184,25.107,synthetic,True,True,True,True
1663,2026-03-18T07:45:00+05:30,662.299,236.652,25.101,synthetic,True,True,True,True
1664,2026-03-18T08:00:00+05:30,656.528,267.21,25.856,synthetic,True,True,True,True
1665,2026-03-18T08:15:00+05:30,698.99,291.866,26.829,synthetic,True,True,True,True
1666,2026-03-18T08:30:00+05:30,688.341,328.947,27.141,synthetic,True,True,True,True
1667,2026-03-18T08:45:00+05:30,722.043,376.04,27.701,synthetic,True,True,True,True
1668,2026-03-18T09:00:00+05:30,697.016,398.026,27.83,synthetic,True,True,True,True
1669,2026-03-18T09:15:00+05:30,688.925,423.798,28.55,synthetic,True,True,True,True
1670,2026-03-18T09:30:00+05:30,714.588,436.571,29.132,synthetic,True,True,True,True
1671,2026-03-18T09:45:00+05:30,711.336,566.228,29.333,synthetic,True,True,True,True
1672,2026-03-18T10:00:00+05:30,383.725,638.224,29.793,synthetic,True,True,True,True
1673,2026-03-18T10:15:00+05:30,393.34,644.382,30.491,synthetic,True,True,True,True
1674,2026-03-18T10:30:00+05:30,385.372,691.942,30.3,synthetic,True,True,True,True
1675,2026-03-18T10:45:00+05:30,388.33,733.797,31.447,synthetic,True,True,True,True
1676,2026-03-18T11:00:00+05:30,409.245,736.213,31.837,synthetic,True,True,True,True
1677,2026-03-18T11:15:00+05:30,432.178,789.205,32.356,synthetic,True,True,True,True
1678,2026-03-18T11:30:00+05:30,450.839,789.419,32.687,synthetic,True,True,True,True
1679,2026-03-18T11:45:00+05:30,444.144,830.267,32.974,synthetic,True,True,True,True
1680,2026-03-18T12:00:00+05:30,459.023,862.131,33.57,synthetic,True,True,True,True
1681,2026-03-18T12:15:00+05:30,447.01,830.415,34.265,synthetic,True,True,True,True
1682,2026-03-18T12:30:00+05:30,431.395,872.639,34.208,synthetic,True,True,True,True
1683,2026-03-18T12:45:00+05:30,431.981,825.054,33.675,synthetic,True,True,True,True
1684,2026-03-18T13:00:00+05:30,409.04,836.136,33.453,synthetic,True,True,True,True
1685,2026-03-18T13:15:00+05:30,395.719,830.762,33.56,synthetic,True,True,True,True
1686,2026-03-18T13:30:00+05:30,387.208,760.225,33.639,synthetic,True,True,True,True
1687,2026-03-18T13:45:00+05:30,369.575,717.322,33.65,synthetic,True,True,True,True
1688,2026-03-18T14:00:00+05:30,377.494,627.063,34.601,synthetic,True,True,True,True
1689,2026-03-18T14:15:00+05:30,365.789,600.762,34.687,synthetic,True,True,True,True
1690,2026-03-18T14:30:00+05:30,378.543,623.3,34.815,synthetic,True,True,True,True
1691,2026-03-18T14:45:00+05:30,382.036,602.732,35.337,synthetic,True,True,True,True
1692,2026-03-18T15:00:00+05:30,407.775,592.522,35.304,synthetic,True,True,True,True
1693,2026-03-18T15:15:00+05:30,401.923,537.595,35.654,synthetic,True,True,True,True
1694,2026-03-18T15:30:00+05:30,407.28,491.868,35.727,synthetic,True,True,True,True
1695,2026-03-18T15:45:00+05:30,394.563,453.25,36.797,synthetic,True,True,True,True
1696,2026-03-18T16:00:00+05:30,393.226,434.149,36.186,synthetic,True,True,True,True
1697,2026-03-18T16:15:00+05:30,379.168,386.946,35.9,synthetic,True,True,True,True
1698,2026-03-18T16:30:00+05:30,380.369,338.213,35.789,synthetic,True,True,True,True
1699,2026-03-18T16:45:00+05:30,388.781,278.468,35.942,synthetic,True,True,True,True
1700,2026-03-18T17:00:00+05:30,395.202,222.896,35.441,synthetic,True,True,True,True
1701,2026-03-18T17:15:00+05:30,404.297,158.101,35.832,synthetic,True,True,True,True
1702,2026-03-18T17:30:00+05:30,383.54,100.497,35.126,synthetic,True,True,True,True
1703,2026-03-18T17:45:00+05:30,387.415,47.365,35.198,synthetic,True,True,True,True
1704,2026-03-18T18:00:00+05:30,663.186,12.401,34.872,synthetic,True,True,True,True
1705,2026-03-18T18:15:00+05:30,665.808,0.174,33.914,synthetic,True,True,True,True
1706,2026-03-18T18:30:00+05:30,657.736,0.0,34.254,synthetic,True,True,False,True
1707,2026-03-18T18:45:00+05:30,639.666,0.0,34.317,synthetic,True,True,False,True
1708,2026-03-18T19:00:00+05:30,676.932,0.0,34.332,synthetic,True,True,False,True
1709,2026-03-18T19:15:00+05:30,681.717,0.0,34.377,synthetic,True,True,False,True
1710,2026-03-18T19:30:00+05:30,709.092,0.0,33.872,synthetic,True,True,False,True
1711,2026-03-18T19:45:00+05:30,728.675,0.0,34.254,synthetic,True,True,False,True
1712,2026-03-18T20:00:00+05:30,705.689,0.0,33.48,synthetic,True,True,False,True
1713,2026-03-18T20:15:00+05:30,725.921,0.0,33.329,synthetic,True,True,False,True
1714,2026-03-18T20:30:00+05:30,735.003,0.0,31.953,synthetic,True,True,False,True
1715,2026-03-18T20:45:00+05:30,722.848,0.0,31.4,synthetic,True,True,False,True
1716,2026-03-18T21:00:00+05:30,746.917,0.0,31.563,synthetic,True,True,False,True
1717,2026-03-18T21:15:00+05:30,683.819,0.0,31.049,synthetic,True,True,False,True
1718,2026-03-18T21:30:00+05:30,672.93,0.0,30.758,synthetic,True,True,True,True
1719,2026-03-18T21:45:00+05:30,706.036,0.0,30.363,synthetic,True,True,True,True
1720,2026-03-18T22:00:00+05:30,410.133,0.0,29.759,synthetic,True,True,True,True
1721,2026-03-18T22:15:00+05:30,387.949,0.0,28.339,synthetic,True,True,True,True
1722,2026-03-18T22:30:00+05:30,399.297,0.0,27.919,synthetic,True,True,True,True
1723,2026-03-18T22:45:00+05:30,396.949,0.0,26.92,synthetic,True,True,True,True
1724,2026-03-18T23:00:00+05:30,406.232,0.0,26.786,synthetic,True,True,True,True
1725,2026-03-18T23:15:00+05:30,414.783,0.0,26.618,synthetic,True,True,True,True
1726,2026-03-18T23:30:00+05:30,411.297,0.0,25.981,synthetic,True,True,True,True
1727,2026-03-18T23:45:00+05:30,419.716,0.0,25.249,synthetic,True,True,True,True
1728,2026-03-19T00:00:00+05:30,416.471,0.0,25.846,synthetic,True,True,True,True
1729,2026-03-19T00:15:00+05:30,411.205,0.0,24.91,synthetic,True,True,True,True
1730,2026-03-19T00:30:00+05:30,398.824,0.0,24.539,synthetic,True,True,True,True
1731,2026-03-19T00:45:00+05:30,423.457,0.0,24.535,synthetic,True,True,True,True
1732,2026-03-19T01:00:00+05:30,438.513,0.0,24.702,synthetic,True,True,True,True
1733,2026-03-19T01:15:00+05:30,426.838,0.0,24.397,synthetic,True,True,True,True
1734,2026-03-19T01:30:00+05:30,433.669,0.0,25.068,synthetic,True,True,True,True
1735,2026-03-19T01:45:00+05:30,427.877,0.0,24.385,synthetic,True,True,True,True
1736,2026-03-19T02:00:00+05:30,436.557,0.0,24.361,synthetic,True,True,True,True
1737,2026-03-19T02:15:00+05:30,449.81,0.0,24.214,synthetic,True,True,True,True
1738,2026-03-19T02:30:00+05:30,450.395,0.0,23.927,synthetic,True,True,True,True
1739,2026-03-19T02:45:00+05:30,451.565,0.0,23.205,synthetic,True,True,True,True
1740,2026-03-19T03:00:00+05:30,433.541,0.0,23.578,synthetic,True,True,True,True
1741,2026-03-19T03:15:00+05:30,411.252,0.0,23.642,synthetic,True,True,True,True
1742,2026-03-19T03:30:00+05:30,431.707,0.0,23.926,synthetic,True,True,True,True
1743,2026-03-19T03:45:00+05:30,414.597,0.0,24.319,synthetic,True,True,True,True
1744,2026-03-19T04:00:00+05:30,397.088,0.0,23.947,synthetic,True,True,True,True
1745,2026-03-19T04:15:00+05:30,399.549,0.0,23.703,synthetic,True,True,True,True
1746,2026-03-19T04:30:00+05:30,420.732,0.0,23.876,synthetic,True,True,True,True
1747,2026-03-19T04:45:00+05:30,440.676,0.0,23.584,synthetic,True,True,True,True
1748,2026-03-19T05:00:00+05:30,428.335,0.0,24.464,synthetic,True,True,True,True
1749,2026-03-19T05:15:00+05:30,445.063,0.0,24.906,synthetic,True,True,True,True
1750,2026-03-19T05:30:00+05:30,452.648,0.0,25.472,synthetic,True,True,True,True
1751,2026-03-19T05:45:00+05:30,444.901,0.0,25.772,synthetic,True,True,True,True
1752,2026-03-19T06:00:00+05:30,753.67,0.0,25.397,synthetic,True,True,True,True
1753,2026-03-19T06:15:00+05:30,738.011,0.0,26.559,synthetic,True,True,True,True
1754,2026-03-19T06:30:00+05:30,707.312,7.866,26.899,synthetic,True,True,True,True
1755,2026-03-19T06:45:00+05:30,697.976,41.152,27.353,synthetic,True,True,True,True
1756,2026-03-19T07:00:00+05:30,696.068,89.096,27.93,synthetic,True,True,True,True
1757,2026-03-19T07:15:00+05:30,699.663,142.827,28.418,synthetic,True,True,True,True
1758,2026-03-19T07:30:00+05:30,708.985,186.494,28.487,synthetic,True,True,True,True
1759,2026-03-19T07:45:00+05:30,706.241,252.093,28.814,synthetic,True,True,True,True
1760,2026-03-19T08:00:00+05:30,661.548,314.547,29.628,synthetic,True,True,True,True
1761,2026-03-19T08:15:00+05:30,639.962,363.591,30.045,synthetic,True,True,True,True
1762,2026-03-19T08:30:00+05:30,666.895,427.467,30.631,synthetic,True,True,True,True
1763,2026-03-19T08:45:00+05:30,669.142,480.781,31.152,synthetic,True,True,True,True
1764,2026-03-19T09:00:00+05:30,657.448,531.847,31.75,synthetic,True,True,True,True
1765,2026-03-19T09:15:00+05:30,639.208,573.739,31.731,synthetic,True,True,True,True
1766,2026-03-19T09:30:00+05:30,651.223,638.037,32.259,synthetic,True,True,True,True
1767,2026-03-19T09:45:00+05:30,682.618,680.803,31.542,synthetic,True,True,True,True
1768,2026-03-19T10:00:00+05:30,378.112,682.521,31.848,synthetic,True,True,True,True
1769,2026-03-19T10:15:00+05:30,402.85,691.519,32.69,synthetic,True,True,True,True
1770,2026-03-19T10:30:00+05:30,376.446,707.001,32.836,synthetic,True,True,True,True
1771,2026-03-19T10:45:00+05:30,351.41,728.293,33.156,synthetic,True,True,True,True
1772,2026-03-19T11:00:00+05:30,356.771,756.796,33.659,synthetic,True,True,True,True
1773,2026-03-19T11:15:00+05:30,371.331,725.357,34.197,synthetic,True,True,True,True
1774,2026-03-19T11:30:00+05:30,379.428,764.42,34.396,synthetic,True,True,True,True
1775,2026-03-19T11:45:00+05:30,378.755,728.938,34.588,synthetic,True,True,True,True
1776,2026-03-19T12:00:00+05:30,366.075,759.807,34.719,synthetic,True,True,True,True
1777,2026-03-19T12:15:00+05:30,376.461,767.362,34.766,synthetic,True,True,True,True
1778,2026-03-19T12:30:00+05:30,380.723,756.627,35.358,synthetic,True,True,True,True
1779,2026-03-19T12:45:00+05:30,380.985,772.0,35.814,synthetic,True,True,True,True
1780,2026-03-19T13:00:00+05:30,390.701,798.244,36.034,synthetic,True,True,True,True
1781,2026-03-19T13:15:00+05:30,405.473,756.703,35.385,synthetic,True,True,True,True
1782,2026-03-19T13:30:00+05:30,379.28,686.131,35.556,synthetic,True,True,True,True
1783,2026-03-19T13:45:00+05:30,371.463,760.113,35.928,synthetic,True,True,True,True
1784,2026-03-19T14:00:00+05:30,368.223,790.825,35.981,synthetic,True,True,True,True
1785,2026-03-19T14:15:00+05:30,383.814,769.597,36.074,synthetic,True,True,True,True
1786,2026-03-19T14:30:00+05:30,374.498,743.799,36.003,synthetic,True,True,True,True
1787,2026-03-19T14:45:00+05:30,370.453,713.106,35.804,synthetic,True,True,True,True
1788,2026-03-19T15:00:00+05:30,373.543,676.996,35.672,synthetic,True,True,True,True
1789,2026-03-19T15:15:00+05:30,388.301,617.345,35.396,synthetic,True,True,True,True
1790,2026-03-19T15:30:00+05:30,397.702,569.798,36.001,synthetic,True,True,True,True
1791,2026-03-19T15:45:00+05:30,384.849,516.794,36.59,synthetic,True,True,True,True
1792,2026-03-19T16:00:00+05:30,374.328,468.075,36.177,synthetic,True,True,True,True
1793,2026-03-19T16:15:00+05:30,376.535,420.922,36.19,synthetic,True,True,True,True
1794,2026-03-19T16:30:00+05:30,379.159,351.107,36.298,synthetic,True,True,True,True
1795,2026-03-19T16:45:00+05:30,376.184,297.737,36.419,synthetic,True,True,True,True
1796,2026-03-19T17:00:00+05:30,385.986,231.954,36.103,synthetic,True,True,True,True
1797,2026-03-19T17:15:00+05:30,379.167,165.874,36.419,synthetic,True,True,True,True
1798,2026-03-19T17:30:00+05:30,389.454,108.203,36.235,synthetic,True,True,True,True
1799,2026-03-19T17:45:00+05:30,408.681,53.968,35.661,synthetic,True,True,True,True
1800,2026-03-19T18:00:00+05:30,730.201,13.745,35.173,synthetic,True,True,True,True
1801,2026-03-19T18:15:00+05:30,755.77,0.195,35.228,synthetic,True,True,True,True
1802,2026-03-19T18:30:00+05:30,740.945,0.0,34.769,synthetic,True,True,True,True
1803,2026-03-19T18:45:00+05:30,738.959,0.0,34.581,synthetic,True,True,True,True
1804,2026-03-19T19:00:00+05:30,719.827,0.0,34.024,synthetic,True,True,True,True
1805,2026-03-19T19:15:00+05:30,719.873,0.0,32.97,synthetic,True,True,True,True
1806,2026-03-19T19:30:00+05:30,711.703,0.0,32.934,synthetic,True,True,True,True
1807,2026-03-19T19:45:00+05:30,682.878,0.0,32.495,synthetic,True,True,True,True
1808,2026-03-19T20:00:00+05:30,707.026,0.0,32.242,synthetic,True,True,True,True
1809,2026-03-19T20:15:00+05:30,714.993,0.0,32.437,synthetic,True,True,True,True
1810,2026-03-19T20:30:00+05:30,702.5,0.0,31.814,synthetic,True,True,True,True
1811,2026-03-19T20:45:00+05:30,711.758,0.0,31.583,synthetic,True,True,True,True
1812,2026-03-19T21:00:00+05:30,771.592,0.0,31.6,synthetic,True,True,True,True
1813,2026-03-19T21:15:00+05:30,762.358,0.0,30.528,synthetic,True,True,True,True
1814,2026-03-19T21:30:00+05:30,762.47,0.0,30.228,synthetic,True,True,True,True
1815,2026-03-19T21:45:00+05:30,738.157,0.0,28.991,synthetic,True,True,True,True
1816,2026-03-19T22:00:00+05:30,423.431,0.0,28.491,synthetic,True,True,True,True
1817,2026-03-19T22:15:00+05:30,428.655,0.0,28.357,synthetic,True,True,True,True
1818,2026-03-19T22:30:00+05:30,404.523,0.0,28.276,synthetic,True,True,True,True
1819,2026-03-19T22:45:00+05:30,412.971,0.0,28.299,synthetic,True,True,True,True
1820,2026-03-19T23:00:00+05:30,396.471,0.0,27.617,synthetic,True,True,True,True
1821,2026-03-19T23:15:00+05:30,407.644,0.0,28.031,synthetic,True,True,True,True
1822,2026-03-19T23:30:00+05:30,419.168,0.0,28.131,synthetic,True,True,True,True
1823,2026-03-19T23:45:00+05:30,405.878,0.0,28.481,synthetic,True,True,True,True
1824,2026-03-20T00:00:00+05:30,381.924,0.0,28.379,synthetic,True,True,True,True
1825,2026-03-20T00:15:00+05:30,391.595,0.0,27.743,synthetic,True,True,True,True
1826,2026-03-20T00:30:00+05:30,398.245,0.0,26.67,synthetic,True,True,True,True
1827,2026-03-20T00:45:00+05:30,379.779,0.0,26.372,synthetic,True,True,True,True
1828,2026-03-20T01:00:00+05:30,387.319,0.0,25.687,synthetic,True,True,True,True
1829,2026-03-20T01:15:00+05:30,386.859,0.0,24.809,synthetic,True,True,True,True
1830,2026-03-20T01:30:00+05:30,395.792,0.0,24.585,synthetic,True,True,True,True
1831,2026-03-20T01:45:00+05:30,410.528,0.0,24.244,synthetic,True,True,True,True
1832,2026-03-20T02:00:00+05:30,402.516,0.0,24.061,synthetic,True,True,True,True
1833,2026-03-20T02:15:00+05:30,414.184,0.0,23.867,synthetic,True,True,True,True
1834,2026-03-20T02:30:00+05:30,408.094,0.0,23.328,synthetic,True,True,True,True
1835,2026-03-20T02:45:00+05:30,405.593,0.0,23.053,synthetic,True,True,True,True
1836,2026-03-20T03:00:00+05:30,394.748,0.0,22.832,synthetic,True,True,True,True
1837,2026-03-20T03:15:00+05:30,389.519,0.0,22.823,synthetic,True,True,True,True
1838,2026-03-20T03:30:00+05:30,393.587,0.0,23.13,synthetic,True,True,True,True
1839,2026-03-20T03:45:00+05:30,391.482,0.0,23.769,synthetic,True,True,True,True
1840,2026-03-20T04:00:00+05:30,380.938,0.0,23.178,synthetic,True,True,True,True
1841,2026-03-20T04:15:00+05:30,403.772,0.0,23.011,synthetic,True,True,True,True
1842,2026-03-20T04:30:00+05:30,393.145,0.0,23.268,synthetic,True,True,True,True
1843,2026-03-20T04:45:00+05:30,389.634,0.0,24.042,synthetic,True,True,True,True
1844,2026-03-20T05:00:00+05:30,378.517,0.0,23.89,synthetic,True,True,True,True
1845,2026-03-20T05:15:00+05:30,392.294,0.0,24.169,synthetic,True,True,True,True
1846,2026-03-20T05:30:00+05:30,393.037,0.0,24.658,synthetic,True,True,True,True
1847,2026-03-20T05:45:00+05:30,387.819,0.0,24.979,synthetic,True,True,True,True
1848,2026-03-20T06:00:00+05:30,693.268,0.0,25.131,synthetic,True,True,True,True
1849,2026-03-20T06:15:00+05:30,666.709,0.009,26.062,synthetic,True,True,True,True
1850,2026-03-20T06:30:00+05:30,668.622,6.68,26.62,synthetic,True,True,True,True
1851,2026-03-20T06:45:00+05:30,670.854,32.752,26.502,synthetic,True,True,True,True
1852,2026-03-20T07:00:00+05:30,659.905,72.95,27.155,synthetic,True,True,True,True
1853,2026-03-20T07:15:00+05:30,653.772,124.881,27.684,synthetic,True,True,True,True
1854,2026-03-20T07:30:00+05:30,660.776,182.78,28.831,synthetic,True,True,True,True
1855,2026-03-20T07:45:00+05:30,698.09,248.272,28.859,synthetic,True,True,True,True
1856,2026-03-20T08:00:00+05:30,699.404,324.963,29.314,synthetic,True,True,True,True
1857,2026-03-20T08:15:00+05:30,717.09,403.103,29.736,synthetic,True,True,True,True
1858,2026-03-20T08:30:00+05:30,708.85,466.49,30.714,synthetic,True,True,True,True
1859,2026-03-20T08:45:00+05:30,715.451,523.17,30.856,synthetic,True,True,True,True
1860,2026-03-20T09:00:00+05:30,724.993,584.078,31.344,synthetic,True,True,True,True
1861,2026-03-20T09:15:00+05:30,707.194,643.296,31.368,synthetic,True,True,True,True
1862,2026-03-20T09:30:00+05:30,715.263,692.603,32.115,synthetic,True,True,True,True
1863,2026-03-20T09:45:00+05:30,687.652,734.936,32.484,synthetic,True,True,True,True
1864,2026-03-20T10:00:00+05:30,398.568,775.105,32.506,synthetic,True,True,True,True
1865,2026-03-20T10:15:00+05:30,382.954,805.278,32.263,synthetic,True,True,True,True
1866,2026-03-20T10:30:00+05:30,393.097,826.392,32.019,synthetic,True,True,True,True
1867,2026-03-20T10:45:00+05:30,392.228,890.918,32.437,synthetic,True,True,True,True
1868,2026-03-20T11:00:00+05:30,383.002,919.925,32.621,synthetic,True,True,True,True
1869,2026-03-20T11:15:00+05:30,409.332,950.727,33.176,synthetic,True,True,True,True
1870,2026-03-20T11:30:00+05:30,400.25,971.143,33.619,synthetic,True,True,True,True
1871,2026-03-20T11:45:00+05:30,399.088,989.392,34.498,synthetic,True,True,True,True
1872,2026-03-20T12:00:00+05:30,414.219,998.081,34.85,synthetic,True,True,True,True
1873,2026-03-20T12:15:00+05:30,423.272,1003.603,34.806,synthetic,True,True,True,True
1874,2026-03-20T12:30:00+05:30,433.514,989.038,34.888,synthetic,True,True,True,True
1875,2026-03-20T12:45:00+05:30,428.705,961.628,34.831,synthetic,True,True,True,True
1876,2026-03-20T13:00:00+05:30,407.208,949.953,34.853,synthetic,True,True,True,True
1877,2026-03-20T13:15:00+05:30,397.05,929.719,34.381,synthetic,True,True,True,True
1878,2026-03-20T13:30:00+05:30,396.309,905.948,35.164,synthetic,True,True,True,True
1879,2026-03-20T13:45:00+05:30,388.663,884.688,36.191,synthetic,True,True,True,True
1880,2026-03-20T14:00:00+05:30,405.745,854.405,36.342,synthetic,True,True,True,True
1881,2026-03-20T14:15:00+05:30,400.194,803.305,36.531,synthetic,True,True,True,True
1882,2026-03-20T14:30:00+05:30,399.762,749.414,37.093,synthetic,True,True,True,True
1883,2026-03-20T14:45:00+05:30,389.466,681.819,36.836,synthetic,True,True,True,True
1884,2026-03-20T15:00:00+05:30,372.846,639.902,36.48,synthetic,True,True,True,True
1885,2026-03-20T15:15:00+05:30,374.992,593.123,35.953,synthetic,True,True,True,True
1886,2026-03-20T15:30:00+05:30,379.426,552.972,35.542,synthetic,True,True,True,True
1887,2026-03-20T15:45:00+05:30,377.312,498.709,35.798,synthetic,True,True,True,True
1888,2026-03-20T16:00:00+05:30,380.633,445.562,35.72,synthetic,True,True,True,True
1889,2026-03-20T16:15:00+05:30,389.48,396.553,35.15,synthetic,True,True,True,True
1890,2026-03-20T16:30:00+05:30,385.089,336.15,34.494,synthetic,True,True,True,True
1891,2026-03-20T16:45:00+05:30,396.646,268.393,34.179,synthetic,True,True,True,True
1892,2026-03-20T17:00:00+05:30,411.361,207.505,34.328,synthetic,True,True,True,True
1893,2026-03-20T17:15:00+05:30,429.533,147.933,33.46,synthetic,True,True,True,True
1894,2026-03-20T17:30:00+05:30,423.959,93.039,34.213,synthetic,True,True,True,True
1895,2026-03-20T17:45:00+05:30,410.598,41.45,34.895,synthetic,True,True,True,True
1896,2026-03-20T18:00:00+05:30,711.612,11.175,33.986,synthetic,True,True,True,True
1897,2026-03-20T18:15:00+05:30,675.889,0.18,33.709,synthetic,True,True,True,True
1898,2026-03-20T18:30:00+05:30,691.982,0.0,32.537,synthetic,True,True,True,True
1899,2026-03-20T18:45:00+05:30,702.752,0.0,31.685,synthetic,True,True,True,True
1900,2026-03-20T19:00:00+05:30,685.335,0.0,32.335,synthetic,True,True,True,True
1901,2026-03-20T19:15:00+05:30,690.046,0.0,32.278,synthetic,True,True,True,True
1902,2026-03-20T19:30:00+05:30,684.215,0.0,31.095,synthetic,True,True,True,True
1903,2026-03-20T19:45:00+05:30,715.647,0.0,31.165,synthetic,True,True,True,True
1904,2026-03-20T20:00:00+05:30,702.098,0.0,30.978,synthetic,True,True,True,True
1905,2026-03-20T20:15:00+05:30,725.588,0.0,30.675,synthetic,True,True,True,True
1906,2026-03-20T20:30:00+05:30,707.805,0.0,29.945,synthetic,True,True,True,True
1907,2026-03-20T20:45:00+05:30,750.433,0.0,29.497,synthetic,True,True,True,True
1908,2026-03-20T21:00:00+05:30,728.327,0.0,28.987,synthetic,True,True,True,True
1909,2026-03-20T21:15:00+05:30,708.621,0.0,28.415,synthetic,True,True,True,True
1910,2026-03-20T21:30:00+05:30,730.38,0.0,27.919,synthetic,True,True,True,True
1911,2026-03-20T21:45:00+05:30,719.758,0.0,28.369,synthetic,True,True,True,True
1912,2026-03-20T22:00:00+05:30,419.224,0.0,28.437,synthetic,True,True,True,True
1913,2026-03-20T22:15:00+05:30,424.628,0.0,29.191,synthetic,True,True,True,True
1914,2026-03-20T22:30:00+05:30,416.66,0.0,28.462,synthetic,True,True,True,True
1915,2026-03-20T22:45:00+05:30,434.341,0.0,27.927,synthetic,True,True,True,True
1916,2026-03-20T23:00:00+05:30,420.332,0.0,26.966,synthetic,True,True,True,True
1917,2026-03-20T23:15:00+05:30,414.237,0.0,26.874,synthetic,True,True,True,True
1918,2026-03-20T23:30:00+05:30,412.875,0.0,26.003,synthetic,True,True,True,True
1919,2026-03-20T23:45:00+05:30,404.913,0.0,25.596,synthetic,True,True,True,True
1920,2026-03-21T00:00:00+05:30,423.054,0.0,25.374,synthetic,True,True,True,True
1921,2026-03-21T00:15:00+05:30,421.605,0.0,24.653,synthetic,True,True,True,True
1922,2026-03-21T00:30:00+05:30,433.135,0.0,24.02,synthetic,True,True,True,True
1923,2026-03-21T00:45:00+05:30,416.946,0.0,23.456,synthetic,True,True,True,True
1924,2026-03-21T01:00:00+05:30,422.337,0.0,23.492,synthetic,True,True,True,True
1925,2026-03-21T01:15:00+05:30,419.07,0.0,23.536,synthetic,True,True,True,True
1926,2026-03-21T01:30:00+05:30,414.09,0.0,23.396,synthetic,True,True,True,True
1927,2026-03-21T01:45:00+05:30,418.15,0.0,23.621,synthetic,True,True,True,True
1928,2026-03-21T02:00:00+05:30,412.133,0.0,23.877,synthetic,True,True,True,True
1929,2026-03-21T02:15:00+05:30,393.343,0.0,25.085,synthetic,True,True,True,True
1930,2026-03-21T02:30:00+05:30,406.783,0.0,25.031,synthetic,True,True,True,True
1931,2026-03-21T02:45:00+05:30,398.457,0.0,25.135,synthetic,True,True,True,True
1932,2026-03-21T03:00:00+05:30,405.704,0.0,24.861,synthetic,True,True,True,True
1933,2026-03-21T03:15:00+05:30,407.802,0.0,24.738,synthetic,True,True,True,True
1934,2026-03-21T03:30:00+05:30,415.663,0.0,24.594,synthetic,True,True,True,True
1935,2026-03-21T03:45:00+05:30,411.955,0.0,24.569,synthetic,True,True,True,True
1936,2026-03-21T04:00:00+05:30,398.272,0.0,24.685,synthetic,True,True,True,True
1937,2026-03-21T04:15:00+05:30,377.915,0.0,24.403,synthetic,True,True,True,True
1938,2026-03-21T04:30:00+05:30,357.883,0.0,24.913,synthetic,True,True,True,True
1939,2026-03-21T04:45:00+05:30,387.142,0.0,25.007,synthetic,True,True,True,True
1940,2026-03-21T05:00:00+05:30,378.887,0.0,24.708,synthetic,True,True,True,True
1941,2026-03-21T05:15:00+05:30,370.185,0.0,25.168,synthetic,True,True,True,True
1942,2026-03-21T05:30:00+05:30,380.692,0.0,25.171,synthetic,True,True,True,True
1943,2026-03-21T05:45:00+05:30,402.991,0.0,25.498,synthetic,True,True,True,True
1944,2026-03-21T06:00:00+05:30,553.18,0.0,25.859,synthetic,True,True,True,True
1945,2026-03-21T06:15:00+05:30,576.841,0.03,26.404,synthetic,True,True,True,True
1946,2026-03-21T06:30:00+05:30,562.303,9.666,26.711,synthetic,True,True,True,True
1947,2026-03-21T06:45:00+05:30,553.792,46.143,26.481,synthetic,True,True,True,True
1948,2026-03-21T07:00:00+05:30,557.166,97.238,26.632,synthetic,True,True,True,True
1949,2026-03-21T07:15:00+05:30,544.684,155.189,27.444,synthetic,True,True,True,True
1950,2026-03-21T07:30:00+05:30,510.033,220.563,27.803,synthetic,True,True,True,True
1951,2026-03-21T07:45:00+05:30,505.517,284.825,28.248,synthetic,True,True,True,True
1952,2026-03-21T08:00:00+05:30,506.575,339.715,29.505,synthetic,True,True,True,True
1953,2026-03-21T08:15:00+05:30,512.071,394.109,29.667,synthetic,True,True,True,True
1954,2026-03-21T08:30:00+05:30,510.701,454.047,29.922,synthetic,True,True,True,True
1955,2026-03-21T08:45:00+05:30,523.793,497.955,29.723,synthetic,True,True,True,True
1956,2026-03-21T09:00:00+05:30,538.919,556.161,30.052,synthetic,True,True,True,True
1957,2026-03-21T09:15:00+05:30,523.643,605.902,30.445,synthetic,True,True,True,True
1958,2026-03-21T09:30:00+05:30,513.132,648.101,29.826,synthetic,True,True,True,True
1959,2026-03-21T09:45:00+05:30,526.529,693.005,29.691,synthetic,True,True,True,True
1960,2026-03-21T10:00:00+05:30,388.865,760.833,30.316,synthetic,True,True,True,True
1961,2026-03-21T10:15:00+05:30,375.536,783.526,30.665,synthetic,True,True,True,True
1962,2026-03-21T10:30:00+05:30,359.825,825.794,31.139,synthetic,True,True,True,True
1963,2026-03-21T10:45:00+05:30,382.697,848.677,32.045,synthetic,True,True,True,True
1964,2026-03-21T11:00:00+05:30,374.672,866.778,32.001,synthetic,True,True,True,True
1965,2026-03-21T11:15:00+05:30,372.328,887.885,32.865,synthetic,True,True,True,True
1966,2026-03-21T11:30:00+05:30,382.117,904.972,33.29,synthetic,True,True,True,True
1967,2026-03-21T11:45:00+05:30,401.281,905.534,33.279,synthetic,True,True,True,True
1968,2026-03-21T12:00:00+05:30,402.416,921.71,34.425,synthetic,True,True,True,True
1969,2026-03-21T12:15:00+05:30,392.6,891.427,35.417,synthetic,True,True,True,True
1970,2026-03-21T12:30:00+05:30,384.829,906.075,35.253,synthetic,True,True,True,True
1971,2026-03-21T12:45:00+05:30,365.06,888.717,35.657,synthetic,True,True,True,True
1972,2026-03-21T13:00:00+05:30,380.7,893.876,35.875,synthetic,True,True,True,True
1973,2026-03-21T13:15:00+05:30,375.385,880.9,35.909,synthetic,True,True,True,True
1974,2026-03-21T13:30:00+05:30,376.37,880.756,35.955,synthetic,True,True,True,True
1975,2026-03-21T13:45:00+05:30,382.727,847.508,36.211,synthetic,True,True,True,True
1976,2026-03-21T14:00:00+05:30,410.701,802.498,36.214,synthetic,True,True,True,True
1977,2026-03-21T14:15:00+05:30,412.549,768.976,36.514,synthetic,True,True,True,True
1978,2026-03-21T14:30:00+05:30,385.245,749.256,36.425,synthetic,True,True,True,True
1979,2026-03-21T14:45:00+05:30,394.797,694.403,36.472,synthetic,True,True,True,True
1980,2026-03-21T15:00:00+05:30,379.498,670.483,36.853,synthetic,True,True,True,True
1981,2026-03-21T15:15:00+05:30,407.681,603.221,36.399,synthetic,True,True,True,True
1982,2026-03-21T15:30:00+05:30,396.639,547.537,36.519,synthetic,True,True,True,True
1983,2026-03-21T15:45:00+05:30,395.311,496.733,36.917,synthetic,True,True,True,True
1984,2026-03-21T16:00:00+05:30,393.211,430.865,36.093,synthetic,True,True,True,True
1985,2026-03-21T16:15:00+05:30,403.849,390.961,36.79,synthetic,True,True,True,True
1986,2026-03-21T16:30:00+05:30,410.399,319.624,36.916,synthetic,True,True,True,True
1987,2026-03-21T16:45:00+05:30,406.448,264.208,35.74,synthetic,True,True,True,True
1988,2026-03-21T17:00:00+05:30,432.472,203.43,35.55,synthetic,True,True,True,True
1989,2026-03-21T17:15:00+05:30,417.949,148.654,35.3,synthetic,True,True,True,True
1990,2026-03-21T17:30:00+05:30,423.657,98.957,35.657,synthetic,True,True,True,True
1991,2026-03-21T17:45:00+05:30,439.622,49.65,35.238,synthetic,True,True,True,True
1992,2026-03-21T18:00:00+05:30,590.097,12.417,34.888,synthetic,True,True,True,True
1993,2026-03-21T18:15:00+05:30,569.048,0.203,34.376,synthetic,True,True,True,True
1994,2026-03-21T18:30:00+05:30,568.017,0.0,34.358,synthetic,True,True,True,True
1995,2026-03-21T18:45:00+05:30,544.121,0.0,33.611,synthetic,True,True,True,True
1996,2026-03-21T19:00:00+05:30,550.645,0.0,33.345,synthetic,True,True,True,True
1997,2026-03-21T19:15:00+05:30,521.896,0.0,33.339,synthetic,True,True,True,True
1998,2026-03-21T19:30:00+05:30,551.724,0.0,32.848,synthetic,True,True,True,True
1999,2026-03-21T19:45:00+05:30,561.079,0.0,32.131,synthetic,True,True,True,True
2000,2026-03-21T20:00:00+05:30,546.377,0.0,32.051,synthetic,True,True,True,True
2001,2026-03-21T20:15:00+05:30,565.089,0.0,31.334,synthetic,True,True,True,True
2002,2026-03-21T20:30:00+05:30,529.536,0.0,30.243,synthetic,True,True,True,True
2003,2026-03-21T20:45:00+05:30,524.153,0.0,29.452,synthetic,True,True,True,True
2004,2026-03-21T21:00:00+05:30,531.93,0.0,29.17,synthetic,True,True,True,True
2005,2026-03-21T21:15:00+05:30,510.147,0.0,28.096,synthetic,True,True,True,True
2006,2026-03-21T21:30:00+05:30,520.339,0.0,28.265,synthetic,True,True,True,True
2007,2026-03-21T21:45:00+05:30,537.904,0.0,27.935,synthetic,True,True,True,True
2008,2026-03-21T22:00:00+05:30,404.318,0.0,27.709,synthetic,True,True,True,True
2009,2026-03-21T22:15:00+05:30,386.704,0.0,27.449,synthetic,True,True,True,True
2010,2026-03-21T22:30:00+05:30,394.706,0.0,26.503,synthetic,True,True,True,True
2011,2026-03-21T22:45:00+05:30,383.642,0.0,25.358,synthetic,True,True,True,True
2012,2026-03-21T23:00:00+05:30,357.025,0.0,24.748,synthetic,True,True,True,True
2013,2026-03-21T23:15:00+05:30,368.418,0.0,24.545,synthetic,True,True,True,True
2014,2026-03-21T23:30:00+05:30,362.423,0.0,24.879,synthetic,True,True,True,True
2015,2026-03-21T23:45:00+05:30,368.309,0.0,25.023,synthetic,True,True,True,True
2016,2026-03-22T00:00:00+05:30,381.834,0.0,24.557,synthetic,True,True,True,True
2017,2026-03-22T00:15:00+05:30,382.129,0.0,24.448,synthetic,True,True,True,True
2018,2026-03-22T00:30:00+05:30,380.135,0.0,24.095,synthetic,True,True,True,True
2019,2026-03-22T00:45:00+05:30,396.167,0.0,23.656,synthetic,True,True,True,True
2020,2026-03-22T01:00:00+05:30,383.641,0.0,23.303,synthetic,True,True,True,True
2021,2026-03-22T01:15:00+05:30,382.01,0.0,22.81,synthetic,True,True,True,True
2022,2026-03-22T01:30:00+05:30,359.98,0.0,22.095,synthetic,True,True,True,True
2023,2026-03-22T01:45:00+05:30,363.723,0.0,22.439,synthetic,True,True,True,True
2024,2026-03-22T02:00:00+05:30,366.777,0.0,21.762,synthetic,True,True,True,True
2025,2026-03-22T02:15:00+05:30,351.253,0.0,21.464,synthetic,True,True,True,True
2026,2026-03-22T02:30:00+05:30,352.426,0.0,21.943,synthetic,True,True,True,True
2027,2026-03-22T02:45:00+05:30,360.038,0.0,22.211,synthetic,True,True,True,True
2028,2026-03-22T03:00:00+05:30,355.609,0.0,22.33,synthetic,True,True,True,True
2029,2026-03-22T03:15:00+05:30,364.418,0.0,22.663,synthetic,True,True,True,True
2030,2026-03-22T03:30:00+05:30,363.595,0.0,23.077,synthetic,True,True,True,True
2031,2026-03-22T03:45:00+05:30,381.529,0.0,23.021,synthetic,True,True,True,True
2032,2026-03-22T04:00:00+05:30,385.703,0.0,23.14,synthetic,True,True,True,True
2033,2026-03-22T04:15:00+05:30,387.675,0.0,23.448,synthetic,True,True,True,True
2034,2026-03-22T04:30:00+05:30,396.724,0.0,23.776,synthetic,True,True,True,True
2035,2026-03-22T04:45:00+05:30,408.161,0.0,23.698,synthetic,True,True,True,True
2036,2026-03-22T05:00:00+05:30,420.638,0.0,24.299,synthetic,True,True,True,True
2037,2026-03-22T05:15:00+05:30,401.295,0.0,24.383,synthetic,True,True,True,True
2038,2026-03-22T05:30:00+05:30,399.121,0.0,23.962,synthetic,True,True,True,True
2039,2026-03-22T05:45:00+05:30,383.253,0.0,24.902,synthetic,True,True,True,True
2040,2026-03-22T06:00:00+05:30,545.817,0.0,25.491,synthetic,True,True,True,True
2041,2026-03-22T06:15:00+05:30,523.606,0.052,26.206,synthetic,True,True,True,True
2042,2026-03-22T06:30:00+05:30,565.294,9.469,26.796,synthetic,True,True,True,True
2043,2026-03-22T06:45:00+05:30,552.926,42.153,26.939,synthetic,True,True,True,True
2044,2026-03-22T07:00:00+05:30,551.995,91.954,26.463,synthetic,True,True,True,True
2045,2026-03-22T07:15:00+05:30,514.842,147.518,27.048,synthetic,True,True,True,True
2046,2026-03-22T07:30:00+05:30,550.787,203.878,26.923,synthetic,True,True,True,True
2047,2026-03-22T07:45:00+05:30,524.299,250.512,27.383,synthetic,True,True,True,True
2048,2026-03-22T08:00:00+05:30,543.173,298.876,27.942,synthetic,True,True,True,True
2049,2026-03-22T08:15:00+05:30,549.081,358.539,27.927,synthetic,True,True,True,True
2050,2026-03-22T08:30:00+05:30,525.676,432.652,28.185,synthetic,True,True,True,True
2051,2026-03-22T08:45:00+05:30,519.365,488.109,28.279,synthetic,True,True,True,True
2052,2026-03-22T09:00:00+05:30,531.453,534.976,28.309,synthetic,True,True,True,True
2053,2026-03-22T09:15:00+05:30,537.001,592.049,28.392,synthetic,True,True,True,True
2054,2026-03-22T09:30:00+05:30,540.812,630.38,28.918,synthetic,True,True,True,True
2055,2026-03-22T09:45:00+05:30,537.427,681.149,29.02,synthetic,True,True,True,True
2056,2026-03-22T10:00:00+05:30,414.716,701.978,29.823,synthetic,True,True,True,True
2057,2026-03-22T10:15:00+05:30,416.291,735.887,31.469,synthetic,True,True,True,True
2058,2026-03-22T10:30:00+05:30,434.847,750.174,31.576,synthetic,True,True,True,True
2059,2026-03-22T10:45:00+05:30,418.789,786.992,31.697,synthetic,True,True,True,True
2060,2026-03-22T11:00:00+05:30,437.136,782.075,31.616,synthetic,True,True,True,True
2061,2026-03-22T11:15:00+05:30,429.233,812.349,32.165,synthetic,True,True,True,True
2062,2026-03-22T11:30:00+05:30,395.437,800.515,32.393,synthetic,True,True,True,True
2063,2026-03-22T11:45:00+05:30,409.222,710.603,32.468,synthetic,True,True,True,True
2064,2026-03-22T12:00:00+05:30,417.335,725.537,32.791,synthetic,True,True,True,True
2065,2026-03-22T12:15:00+05:30,411.791,784.634,32.884,synthetic,True,True,True,True
2066,2026-03-22T12:30:00+05:30,412.183,872.125,33.133,synthetic,True,True,True,True
2067,2026-03-22T12:45:00+05:30,400.665,884.12,32.951,synthetic,True,True,True,True
2068,2026-03-22T13:00:00+05:30,405.649,891.362,33.586,synthetic,True,True,True,True
2069,2026-03-22T13:15:00+05:30,405.581,844.978,33.844,synthetic,True,True,True,True
2070,2026-03-22T13:30:00+05:30,401.034,803.878,34.124,synthetic,True,True,True,True
2071,2026-03-22T13:45:00+05:30,378.661,751.774,33.412,synthetic,True,True,True,True
2072,2026-03-22T14:00:00+05:30,369.922,749.963,34.69,synthetic,True,True,True,True
2073,2026-03-22T14:15:00+05:30,357.789,686.417,34.732,synthetic,True,True,True,True
2074,2026-03-22T14:30:00+05:30,371.568,664.503,34.799,synthetic,True,True,True,True
2075,2026-03-22T14:45:00+05:30,384.732,598.663,34.851,synthetic,True,True,True,True
2076,2026-03-22T15:00:00+05:30,381.099,589.38,35.229,synthetic,True,True,True,True
2077,2026-03-22T15:15:00+05:30,386.113,556.697,34.777,synthetic,True,True,True,True
2078,2026-03-22T15:30:00+05:30,387.48,524.286,35.164,synthetic,True,True,True,True
2079,2026-03-22T15:45:00+05:30,393.904,455.74,35.432,synthetic,True,True,True,True
2080,2026-03-22T16:00:00+05:30,403.738,424.499,35.979,synthetic,True,True,True,True
2081,2026-03-22T16:15:00+05:30,419.906,370.899,35.158,synthetic,True,True,True,True
2082,2026-03-22T16:30:00+05:30,403.311,338.649,35.0,synthetic,True,True,True,True
2083,2026-03-22T16:45:00+05:30,414.473,286.27,33.972,synthetic,True,True,True,True
2084,2026-03-22T17:00:00+05:30,451.144,226.173,33.817,synthetic,True,True,True,True
2085,2026-03-22T17:15:00+05:30,450.145,164.365,33.195,synthetic,True,True,True,True
2086,2026-03-22T17:30:00+05:30,444.81,105.616,32.737,synthetic,True,True,True,True
2087,2026-03-22T17:45:00+05:30,447.454,52.464,33.278,synthetic,True,True,True,True
2088,2026-03-22T18:00:00+05:30,598.405,13.205,32.841,synthetic,True,True,True,True
2089,2026-03-22T18:15:00+05:30,605.817,0.214,32.958,synthetic,True,True,True,True
2090,2026-03-22T18:30:00+05:30,612.238,0.0,33.031,synthetic,True,True,True,True
2091,2026-03-22T18:45:00+05:30,587.103,0.0,32.231,synthetic,True,True,True,True
2092,2026-03-22T19:00:00+05:30,546.23,0.0,31.568,synthetic,True,True,True,True
2093,2026-03-22T19:15:00+05:30,536.227,0.0,31.3,synthetic,True,True,True,True
2094,2026-03-22T19:30:00+05:30,515.124,0.0,30.242,synthetic,True,True,True,True
2095,2026-03-22T19:45:00+05:30,515.115,0.0,30.005,synthetic,True,True,True,True
2096,2026-03-22T20:00:00+05:30,508.386,0.0,29.083,synthetic,True,True,True,True
2097,2026-03-22T20:15:00+05:30,524.009,0.0,28.765,synthetic,True,True,True,True
2098,2026-03-22T20:30:00+05:30,540.116,0.0,29.137,synthetic,True,True,True,True
2099,2026-03-22T20:45:00+05:30,544.098,0.0,28.738,synthetic,True,True,True,True
2100,2026-03-22T21:00:00+05:30,550.634,0.0,28.133,synthetic,True,True,True,True
2101,2026-03-22T21:15:00+05:30,546.398,0.0,28.087,synthetic,True,True,True,True
2102,2026-03-22T21:30:00+05:30,560.756,0.0,28.011,synthetic,True,True,True,True
2103,2026-03-22T21:45:00+05:30,589.126,0.0,28.026,synthetic,True,True,True,True
2104,2026-03-22T22:00:00+05:30,423.235,0.0,27.006,synthetic,True,True,True,True
2105,2026-03-22T22:15:00+05:30,410.485,0.0,25.955,synthetic,True,True,True,True
2106,2026-03-22T22:30:00+05:30,397.918,0.0,25.304,synthetic,True,True,True,True
2107,2026-03-22T22:45:00+05:30,376.534,0.0,25.274,synthetic,True,True,True,True
2108,2026-03-22T23:00:00+05:30,386.997,0.0,25.176,synthetic,True,True,True,True
2109,2026-03-22T23:15:00+05:30,407.588,0.0,25.014,synthetic,True,True,True,True
2110,2026-03-22T23:30:00+05:30,401.23,0.0,24.368,synthetic,True,True,True,True
2111,2026-03-22T23:45:00+05:30,404.536,0.0,24.736,synthetic,True,True,True,True
2112,2026-03-23T00:00:00+05:30,411.851,0.0,24.396,synthetic,True,True,True,True
2113,2026-03-23T00:15:00+05:30,408.045,0.0,24.275,synthetic,True,True,True,True
2114,2026-03-23T00:30:00+05:30,438.018,0.0,24.954,synthetic,True,True,True,True
2115,2026-03-23T00:45:00+05:30,413.659,0.0,24.531,synthetic,True,True,True,True
2116,2026-03-23T01:00:00+05:30,409.849,0.0,24.167,synthetic,True,True,True,True
2117,2026-03-23T01:15:00+05:30,409.468,0.0,24.29,synthetic,True,True,True,True
2118,2026-03-23T01:30:00+05:30,411.416,0.0,24.274,synthetic,True,True,True,True
2119,2026-03-23T01:45:00+05:30,409.431,0.0,23.888,synthetic,True,True,True,True
2120,2026-03-23T02:00:00+05:30,395.706,0.0,23.589,synthetic,True,True,True,True
2121,2026-03-23T02:15:00+05:30,408.477,0.0,23.455,synthetic,True,True,True,True
2122,2026-03-23T02:30:00+05:30,404.55,0.0,23.002,synthetic,True,True,True,True
2123,2026-03-23T02:45:00+05:30,397.289,0.0,23.278,synthetic,True,True,True,True
2124,2026-03-23T03:00:00+05:30,385.472,0.0,23.577,synthetic,True,True,True,True
2125,2026-03-23T03:15:00+05:30,397.309,0.0,23.409,synthetic,True,True,True,True
2126,2026-03-23T03:30:00+05:30,385.885,0.0,23.041,synthetic,True,True,True,True
2127,2026-03-23T03:45:00+05:30,417.895,0.0,22.736,synthetic,True,True,True,True
2128,2026-03-23T04:00:00+05:30,440.226,0.0,22.864,synthetic,True,True,True,True
2129,2026-03-23T04:15:00+05:30,446.579,0.0,23.099,synthetic,True,True,True,True
2130,2026-03-23T04:30:00+05:30,437.403,0.0,24.094,synthetic,True,True,True,True
2131,2026-03-23T04:45:00+05:30,434.64,0.0,24.265,synthetic,True,True,True,True
2132,2026-03-23T05:00:00+05:30,418.864,0.0,25.359,synthetic,True,True,True,True
2133,2026-03-23T05:15:00+05:30,418.543,0.0,25.734,synthetic,True,True,True,True
2134,2026-03-23T05:30:00+05:30,410.913,0.0,25.919,synthetic,True,True,True,True
2135,2026-03-23T05:45:00+05:30,423.352,0.0,26.136,synthetic,True,True,True,True
2136,2026-03-23T06:00:00+05:30,745.682,0.0,26.913,synthetic,True,True,True,True
2137,2026-03-23T06:15:00+05:30,736.75,0.097,27.226,synthetic,True,True,True,True
2138,2026-03-23T06:30:00+05:30,763.9,10.922,27.477,synthetic,True,True,True,True
2139,2026-03-23T06:45:00+05:30,742.369,45.59,28.137,synthetic,True,True,True,True
2140,2026-03-23T07:00:00+05:30,748.655,96.097,27.692,synthetic,True,True,True,True
2141,2026-03-23T07:15:00+05:30,771.925,154.686,28.308,synthetic,True,True,True,True
2142,2026-03-23T07:30:00+05:30,758.37,211.966,28.328,synthetic,True,True,True,True
2143,2026-03-23T07:45:00+05:30,716.117,277.406,28.861,synthetic,True,True,True,True
2144,2026-03-23T08:00:00+05:30,758.267,324.134,29.549,synthetic,True,True,True,True
2145,2026-03-23T08:15:00+05:30,737.234,371.18,30.453,synthetic,True,True,True,True
2146,2026-03-23T08:30:00+05:30,775.311,447.194,30.626,synthetic,True,True,True,True
2147,2026-03-23T08:45:00+05:30,785.874,508.027,31.352,synthetic,True,True,True,True
2148,2026-03-23T09:00:00+05:30,779.237,540.001,31.334,synthetic,True,True,True,True
2149,2026-03-23T09:15:00+05:30,781.436,570.259,31.781,synthetic,True,True,True,True
2150,2026-03-23T09:30:00+05:30,751.61,573.288,31.644,synthetic,True,True,True,True
2151,2026-03-23T09:45:00+05:30,712.792,584.822,31.941,synthetic,True,True,True,True
2152,2026-03-23T10:00:00+05:30,406.899,646.595,32.226,synthetic,True,True,True,True
2153,2026-03-23T10:15:00+05:30,398.635,710.325,32.337,synthetic,True,True,True,True
2154,2026-03-23T10:30:00+05:30,424.009,735.338,32.866,synthetic,True,True,True,True
2155,2026-03-23T10:45:00+05:30,414.767,767.696,32.837,synthetic,True,True,True,True
2156,2026-03-23T11:00:00+05:30,404.85,776.862,32.459,synthetic,True,True,True,True
2157,2026-03-23T11:15:00+05:30,404.74,773.339,32.99,synthetic,True,True,True,True
2158,2026-03-23T11:30:00+05:30,394.039,752.357,33.122,synthetic,True,True,True,True
2159,2026-03-23T11:45:00+05:30,382.706,737.446,33.125,synthetic,True,True,True,True
2160,2026-03-23T12:00:00+05:30,378.052,746.087,33.896,synthetic,True,True,True,True
2161,2026-03-23T12:15:00+05:30,370.833,735.74,33.956,synthetic,True,True,True,True
2162,2026-03-23T12:30:00+05:30,354.023,744.108,34.39,synthetic,True,True,True,True
2163,2026-03-23T12:45:00+05:30,378.679,799.902,34.885,synthetic,True,True,True,True
2164,2026-03-23T13:00:00+05:30,403.951,819.342,35.463,synthetic,True,True,True,True
2165,2026-03-23T13:15:00+05:30,419.98,845.21,34.988,synthetic,True,True,True,True
2166,2026-03-23T13:30:00+05:30,423.245,816.194,34.353,synthetic,True,True,True,True
2167,2026-03-23T13:45:00+05:30,415.914,795.529,35.21,synthetic,True,True,True,True
2168,2026-03-23T14:00:00+05:30,420.878,782.156,35.034,synthetic,True,True,True,True
2169,2026-03-23T14:15:00+05:30,414.7,727.875,35.656,synthetic,True,True,True,True
2170,2026-03-23T14:30:00+05:30,407.99,734.365,35.634,synthetic,True,True,True,True
2171,2026-03-23T14:45:00+05:30,408.717,717.884,35.451,synthetic,True,True,True,True
2172,2026-03-23T15:00:00+05:30,415.04,667.116,36.04,synthetic,True,True,True,True
2173,2026-03-23T15:15:00+05:30,434.907,627.396,36.479,synthetic,True,True,True,True
2174,2026-03-23T15:30:00+05:30,425.729,583.527,37.087,synthetic,True,True,True,True
2175,2026-03-23T15:45:00+05:30,415.262,533.478,36.784,synthetic,True,True,True,True
2176,2026-03-23T16:00:00+05:30,416.333,458.177,36.246,synthetic,True,True,True,True
2177,2026-03-23T16:15:00+05:30,403.564,400.677,35.778,synthetic,True,True,True,True
2178,2026-03-23T16:30:00+05:30,410.966,335.134,35.595,synthetic,True,True,True,True
2179,2026-03-23T16:45:00+05:30,405.152,267.232,34.73,synthetic,True,True,True,True
2180,2026-03-23T17:00:00+05:30,403.726,208.663,34.429,synthetic,True,True,True,True
2181,2026-03-23T17:15:00+05:30,390.86,156.054,34.46,synthetic,True,True,True,True
2182,2026-03-23T17:30:00+05:30,357.857,98.664,34.294,synthetic,True,True,True,True
2183,2026-03-23T17:45:00+05:30,370.678,48.771,34.183,synthetic,True,True,True,True
2184,2026-03-23T18:00:00+05:30,668.497,12.54,33.698,synthetic,True,True,True,True
2185,2026-03-23T18:15:00+05:30,638.974,0.2,33.468,synthetic,True,True,True,True
2186,2026-03-23T18:30:00+05:30,664.02,0.0,32.813,synthetic,True,True,True,True
2187,2026-03-23T18:45:00+05:30,658.833,0.0,32.371,synthetic,True,True,True,True
2188,2026-03-23T19:00:00+05:30,617.715,0.0,32.832,synthetic,True,True,True,True
2189,2026-03-23T19:15:00+05:30,642.76,0.0,32.477,synthetic,True,True,True,True
2190,2026-03-23T19:30:00+05:30,619.775,0.0,32.03,synthetic,True,True,True,True
2191,2026-03-23T19:45:00+05:30,598.099,0.0,32.05,synthetic,True,True,True,True
2192,2026-03-23T20:00:00+05:30,621.598,0.0,32.089,synthetic,True,True,True,True
2193,2026-03-23T20:15:00+05:30,630.935,0.0,31.925,synthetic,True,True,True,True
2194,2026-03-23T20:30:00+05:30,622.629,0.0,31.511,synthetic,True,True,True,True
2195,2026-03-23T20:45:00+05:30,592.251,0.0,31.187,synthetic,True,True,True,True
2196,2026-03-23T21:00:00+05:30,642.127,0.0,30.507,synthetic,True,True,True,True
2197,2026-03-23T21:15:00+05:30,612.949,0.0,29.633,synthetic,True,True,True,True
2198,2026-03-23T21:30:00+05:30,638.893,0.0,28.77,synthetic,True,True,True,True
2199,2026-03-23T21:45:00+05:30,681.389,0.0,27.695,synthetic,True,True,True,True
2200,2026-03-23T22:00:00+05:30,395.69,0.0,27.219,synthetic,True,True,True,True
2201,2026-03-23T22:15:00+05:30,400.061,0.0,27.28,synthetic,True,True,True,True
2202,2026-03-23T22:30:00+05:30,421.671,0.0,27.026,synthetic,True,True,True,True
2203,2026-03-23T22:45:00+05:30,421.875,0.0,26.471,synthetic,True,True,True,True
2204,2026-03-23T23:00:00+05:30,417.933,0.0,25.76,synthetic,True,True,True,True
2205,2026-03-23T23:15:00+05:30,400.647,0.0,25.271,synthetic,True,True,True,True
2206,2026-03-23T23:30:00+05:30,409.512,0.0,24.904,synthetic,True,True,True,True
2207,2026-03-23T23:45:00+05:30,401.579,0.0,23.531,synthetic,True,True,True,True
2208,2026-03-24T00:00:00+05:30,370.466,0.0,23.772,synthetic,True,True,True,True
2209,2026-03-24T00:15:00+05:30,373.775,0.0,23.9,synthetic,True,True,True,True
2210,2026-03-24T00:30:00+05:30,384.367,0.0,24.092,synthetic,True,True,True,True
2211,2026-03-24T00:45:00+05:30,399.53,0.0,24.066,synthetic,True,True,True,True
2212,2026-03-24T01:00:00+05:30,394.485,0.0,24.549,synthetic,True,True,True,True
2213,2026-03-24T01:15:00+05:30,406.824,0.0,24.236,synthetic,True,True,True,True
2214,2026-03-24T01:30:00+05:30,405.84,0.0,24.126,synthetic,True,True,True,True
2215,2026-03-24T01:45:00+05:30,406.898,0.0,23.829,synthetic,True,True,True,True
2216,2026-03-24T02:00:00+05:30,418.68,0.0,23.569,synthetic,True,True,True,True
2217,2026-03-24T02:15:00+05:30,408.918,0.0,23.053,synthetic,True,True,True,True
2218,2026-03-24T02:30:00+05:30,403.999,0.0,23.193,synthetic,True,True,True,True
2219,2026-03-24T02:45:00+05:30,395.434,0.0,22.489,synthetic,True,True,True,True
2220,2026-03-24T03:00:00+05:30,406.213,0.0,23.07,synthetic,True,True,True,True
2221,2026-03-24T03:15:00+05:30,394.444,0.0,23.465,synthetic,True,True,True,True
2222,2026-03-24T03:30:00+05:30,399.266,0.0,23.748,synthetic,True,True,True,True
2223,2026-03-24T03:45:00+05:30,375.67,0.0,23.398,synthetic,True,True,True,True
2224,2026-03-24T04:00:00+05:30,386.859,0.0,23.251,synthetic,True,True,True,True
2225,2026-03-24T04:15:00+05:30,395.537,0.0,23.372,synthetic,True,True,True,True
2226,2026-03-24T04:30:00+05:30,368.778,0.0,23.758,synthetic,True,True,True,True
2227,2026-03-24T04:45:00+05:30,361.736,0.0,24.528,synthetic,True,True,True,True
2228,2026-03-24T05:00:00+05:30,369.217,0.0,25.161,synthetic,True,True,True,True
2229,2026-03-24T05:15:00+05:30,372.038,0.0,25.568,synthetic,True,True,True,True
2230,2026-03-24T05:30:00+05:30,383.304,0.0,25.819,synthetic,True,True,True,True
2231,2026-03-24T05:45:00+05:30,395.697,0.0,26.632,synthetic,True,True,True,True
2232,2026-03-24T06:00:00+05:30,660.23,0.0,27.129,synthetic,True,True,True,True
2233,2026-03-24T06:15:00+05:30,656.809,0.126,27.337,synthetic,True,True,True,True
2234,2026-03-24T06:30:00+05:30,668.711,10.574,27.152,synthetic,True,True,True,True
2235,2026-03-24T06:45:00+05:30,653.281,45.042,26.893,synthetic,True,True,True,True
2236,2026-03-24T07:00:00+05:30,675.149,90.721,27.32,synthetic,True,True,True,True
2237,2026-03-24T07:15:00+05:30,661.402,144.06,28.205,synthetic,True,True,True,True
2238,2026-03-24T07:30:00+05:30,697.182,195.265,28.733,synthetic,True,True,True,True
2239,2026-03-24T07:45:00+05:30,714.937,256.498,28.933,synthetic,True,True,True,True
2240,2026-03-24T08:00:00+05:30,712.856,320.367,29.057,synthetic,True,True,True,True
2241,2026-03-24T08:15:00+05:30,685.397,372.938,29.936,synthetic,True,True,True,True
2242,2026-03-24T08:30:00+05:30,677.59,404.048,29.9,synthetic,True,True,True,True
2243,2026-03-24T08:45:00+05:30,697.677,456.7,30.716,synthetic,True,True,True,True
2244,2026-03-24T09:00:00+05:30,702.99,465.978,31.447,synthetic,True,True,True,True
2245,2026-03-24T09:15:00+05:30,698.233,544.38,32.502,synthetic,True,True,True,True
2246,2026-03-24T09:30:00+05:30,663.054,607.13,32.634,synthetic,True,True,True,True
2247,2026-03-24T09:45:00+05:30,652.397,630.934,32.36,synthetic,True,True,True,True
2248,2026-03-24T10:00:00+05:30,391.28,641.635,33.269,synthetic,True,True,True,True
2249,2026-03-24T10:15:00+05:30,383.545,681.456,33.651,synthetic,True,True,True,True
2250,2026-03-24T10:30:00+05:30,392.22,724.723,33.305,synthetic,True,True,True,True
2251,2026-03-24T10:45:00+05:30,403.9,734.31,34.014,synthetic,True,True,True,True
2252,2026-03-24T11:00:00+05:30,409.311,806.965,34.041,synthetic,True,True,True,True
2253,2026-03-24T11:15:00+05:30,420.784,783.017,34.218,synthetic,True,True,True,True
2254,2026-03-24T11:30:00+05:30,391.333,796.377,34.432,synthetic,True,True,True,True
2255,2026-03-24T11:45:00+05:30,393.447,810.482,34.911,synthetic,True,True,True,True
2256,2026-03-24T12:00:00+05:30,402.36,851.359,35.375,synthetic,True,True,True,True
2257,2026-03-24T12:15:00+05:30,393.959,831.907,35.677,synthetic,True,True,True,True
2258,2026-03-24T12:30:00+05:30,415.036,835.875,36.007,synthetic,True,True,True,True
2259,2026-03-24T12:45:00+05:30,413.023,828.081,35.507,synthetic,True,True,True,True
2260,2026-03-24T13:00:00+05:30,387.776,809.867,36.264,synthetic,True,True,True,True
2261,2026-03-24T13:15:00+05:30,397.506,789.354,36.375,synthetic,True,True,True,True
2262,2026-03-24T13:30:00+05:30,386.014,797.186,36.618,synthetic,True,True,True,True
2263,2026-03-24T13:45:00+05:30,391.951,781.874,36.655,synthetic,True,True,True,True
2264,2026-03-24T14:00:00+05:30,368.386,770.359,36.649,synthetic,True,True,True,True
2265,2026-03-24T14:15:00+05:30,382.968,783.521,37.594,synthetic,True,True,True,True
2266,2026-03-24T14:30:00+05:30,384.713,735.78,37.7,synthetic,True,True,True,True
2267,2026-03-24T14:45:00+05:30,391.059,681.981,37.379,synthetic,True,True,True,True
2268,2026-03-24T15:00:00+05:30,385.743,624.162,37.846,synthetic,True,True,True,True
2269,2026-03-24T15:15:00+05:30,385.277,606.137,38.325,synthetic,True,True,True,True
2270,2026-03-24T15:30:00+05:30,403.928,582.159,37.542,synthetic,True,True,True,True
2271,2026-03-24T15:45:00+05:30,409.077,520.354,37.15,synthetic,True,True,True,True
2272,2026-03-24T16:00:00+05:30,409.308,471.766,36.982,synthetic,True,True,True,True
2273,2026-03-24T16:15:00+05:30,435.666,401.293,36.721,synthetic,True,True,True,True
2274,2026-03-24T16:30:00+05:30,443.389,336.36,36.496,synthetic,True,True,True,True
2275,2026-03-24T16:45:00+05:30,443.869,284.776,35.783,synthetic,True,True,True,True
2276,2026-03-24T17:00:00+05:30,432.972,223.294,35.814,synthetic,True,True,True,True
2277,2026-03-24T17:15:00+05:30,424.122,162.919,35.415,synthetic,True,True,True,True
2278,2026-03-24T17:30:00+05:30,436.759,104.86,35.353,synthetic,True,True,True,True
2279,2026-03-24T17:45:00+05:30,431.481,51.871,35.272,synthetic,True,True,True,True
2280,2026-03-24T18:00:00+05:30,742.583,13.224,35.258,synthetic,True,True,True,True
2281,2026-03-24T18:15:00+05:30,721.497,0.219,34.933,synthetic,True,True,True,True
2282,2026-03-24T18:30:00+05:30,706.03,0.0,34.444,synthetic,True,True,True,True
2283,2026-03-24T18:45:00+05:30,688.829,0.0,34.85,synthetic,True,True,True,True
2284,2026-03-24T19:00:00+05:30,666.627,0.0,34.219,synthetic,True,True,True,True
2285,2026-03-24T19:15:00+05:30,637.138,0.0,33.793,synthetic,True,True,True,True
2286,2026-03-24T19:30:00+05:30,648.611,0.0,33.175,synthetic,True,True,True,True
2287,2026-03-24T19:45:00+05:30,660.925,0.0,32.989,synthetic,True,True,True,True
2288,2026-03-24T20:00:00+05:30,683.185,0.0,31.769,synthetic,True,True,True,True
2289,2026-03-24T20:15:00+05:30,699.093,0.0,30.833,synthetic,True,True,True,True
2290,2026-03-24T20:30:00+05:30,683.637,0.0,30.839,synthetic,True,True,True,True
2291,2026-03-24T20:45:00+05:30,668.689,0.0,30.771,synthetic,True,True,True,True
2292,2026-03-24T21:00:00+05:30,687.078,0.0,30.83,synthetic,True,True,True,True
2293,2026-03-24T21:15:00+05:30,698.014,0.0,29.78,synthetic,True,True,True,True
2294,2026-03-24T21:30:00+05:30,653.984,0.0,29.714,synthetic,True,True,True,True
2295,2026-03-24T21:45:00+05:30,657.606,0.0,28.952,synthetic,True,True,True,True
2296,2026-03-24T22:00:00+05:30,386.937,0.0,28.529,synthetic,True,True,True,True
2297,2026-03-24T22:15:00+05:30,397.354,0.0,28.478,synthetic,True,True,True,True
2298,2026-03-24T22:30:00+05:30,385.991,0.0,28.449,synthetic,True,True,True,True
2299,2026-03-24T22:45:00+05:30,397.395,0.0,28.684,synthetic,True,True,True,True
2300,2026-03-24T23:00:00+05:30,419.974,0.0,28.023,synthetic,True,True,True,True
2301,2026-03-24T23:15:00+05:30,425.381,0.0,26.736,synthetic,True,True,True,True
2302,2026-03-24T23:30:00+05:30,424.301,0.0,26.772,synthetic,True,True,True,True
2303,2026-03-24T23:45:00+05:30,417.272,0.0,26.969,synthetic,True,True,True,True
2304,2026-03-25T00:00:00+05:30,416.03,0.0,26.364,synthetic,True,True,True,True
2305,2026-03-25T00:15:00+05:30,417.201,0.0,26.327,synthetic,True,True,True,True
2306,2026-03-25T00:30:00+05:30,412.997,0.0,26.069,synthetic,True,True,True,True
2307,2026-03-25T00:45:00+05:30,415.726,0.0,25.57,synthetic,True,True,True,True
2308,2026-03-25T01:00:00+05:30,392.073,0.0,26.114,synthetic,True,True,True,True
2309,2026-03-25T01:15:00+05:30,386.64,0.0,26.098,synthetic,True,True,True,True
2310,2026-03-25T01:30:00+05:30,385.996,0.0,25.378,synthetic,True,True,True,True
2311,2026-03-25T01:45:00+05:30,384.054,0.0,25.287,synthetic,True,True,True,True
2312,2026-03-25T02:00:00+05:30,384.547,0.0,24.592,synthetic,True,True,True,True
2313,2026-03-25T02:15:00+05:30,363.742,0.0,24.836,synthetic,True,True,True,True
2314,2026-03-25T02:30:00+05:30,361.92,0.0,24.859,synthetic,True,True,True,True
2315,2026-03-25T02:45:00+05:30,342.953,0.0,24.935,synthetic,True,True,True,True
2316,2026-03-25T03:00:00+05:30,334.594,0.0,24.863,synthetic,True,True,True,True
2317,2026-03-25T03:15:00+05:30,333.765,0.0,24.698,synthetic,True,True,True,True
2318,2026-03-25T03:30:00+05:30,337.974,0.0,24.731,synthetic,True,True,True,True
2319,2026-03-25T03:45:00+05:30,325.939,0.0,24.258,synthetic,True,True,True,True
2320,2026-03-25T04:00:00+05:30,360.059,0.0,24.251,synthetic,True,True,True,True
2321,2026-03-25T04:15:00+05:30,385.71,0.0,24.009,synthetic,True,True,True,True
2322,2026-03-25T04:30:00+05:30,383.113,0.0,23.814,synthetic,True,True,True,True
2323,2026-03-25T04:45:00+05:30,381.452,0.0,23.69,synthetic,True,True,True,True
2324,2026-03-25T05:00:00+05:30,408.63,0.0,23.911,synthetic,True,True,True,True
2325,2026-03-25T05:15:00+05:30,397.987,0.0,24.398,synthetic,True,True,True,True
2326,2026-03-25T05:30:00+05:30,399.158,0.0,25.293,synthetic,True,True,True,True
2327,2026-03-25T05:45:00+05:30,405.814,0.0,25.172,synthetic,True,True,True,True
2328,2026-03-25T06:00:00+05:30,703.128,0.0,25.919,synthetic,True,True,True,True
2329,2026-03-25T06:15:00+05:30,683.317,0.2,26.322,synthetic,True,True,True,True
2330,2026-03-25T06:30:00+05:30,669.854,12.27,26.52,synthetic,True,True,True,True
2331,2026-03-25T06:45:00+05:30,726.262,42.966,26.987,synthetic,True,True,True,True
2332,2026-03-25T07:00:00+05:30,705.118,91.284,28.265,synthetic,True,True,True,True
2333,2026-03-25T07:15:00+05:30,748.003,142.297,29.545,synthetic,True,True,True,True
2334,2026-03-25T07:30:00+05:30,808.21,191.692,30.364,synthetic,True,True,True,True
2335,2026-03-25T07:45:00+05:30,824.531,228.796,30.254,synthetic,True,True,True,True
2336,2026-03-25T08:00:00+05:30,793.026,274.545,30.333,synthetic,True,True,True,True
2337,2026-03-25T08:15:00+05:30,779.221,343.149,30.394,synthetic,True,True,True,True
2338,2026-03-25T08:30:00+05:30,751.191,406.801,31.036,synthetic,True,True,True,True
2339,2026-03-25T08:45:00+05:30,765.62,467.294,30.808,synthetic,True,True,True,True
2340,2026-03-25T09:00:00+05:30,768.03,510.113,30.986,synthetic,True,True,True,True
2341,2026-03-25T09:15:00+05:30,759.518,542.193,31.812,synthetic,True,True,True,True
2342,2026-03-25T09:30:00+05:30,739.323,602.27,32.276,synthetic,True,True,True,True
2343,2026-03-25T09:45:00+05:30,719.654,637.918,31.981,synthetic,True,True,True,True
2344,2026-03-25T10:00:00+05:30,406.081,657.606,32.605,synthetic,True,True,True,True
2345,2026-03-25T10:15:00+05:30,420.714,701.409,33.001,synthetic,True,True,True,True
2346,2026-03-25T10:30:00+05:30,434.25,765.817,33.135,synthetic,True,True,True,True
2347,2026-03-25T10:45:00+05:30,428.338,785.1,33.804,synthetic,True,True,True,True
2348,2026-03-25T11:00:00+05:30,436.226,825.289,34.07,synthetic,True,True,True,True
2349,2026-03-25T11:15:00+05:30,430.498,818.73,34.024,synthetic,True,True,True,True
2350,2026-03-25T11:30:00+05:30,442.816,873.911,34.292,synthetic,True,True,True,True
2351,2026-03-25T11:45:00+05:30,430.213,907.434,34.594,synthetic,True,True,True,True
2352,2026-03-25T12:00:00+05:30,426.623,864.191,34.512,synthetic,True,True,True,True
2353,2026-03-25T12:15:00+05:30,412.692,899.329,34.644,synthetic,True,True,True,True
2354,2026-03-25T12:30:00+05:30,436.107,910.244,34.588,synthetic,True,True,True,True
2355,2026-03-25T12:45:00+05:30,441.173,916.63,34.939,synthetic,True,True,True,True
2356,2026-03-25T13:00:00+05:30,466.826,892.716,35.332,synthetic,True,True,True,True
2357,2026-03-25T13:15:00+05:30,469.452,869.283,35.258,synthetic,True,True,True,True
2358,2026-03-25T13:30:00+05:30,460.929,838.702,35.3,synthetic,True,True,True,True
2359,2026-03-25T13:45:00+05:30,458.673,807.818,35.115,synthetic,True,True,True,True
2360,2026-03-25T14:00:00+05:30,441.441,792.698,35.641,synthetic,True,True,True,True
2361,2026-03-25T14:15:00+05:30,441.909,727.456,35.85,synthetic,True,True,True,True
2362,2026-03-25T14:30:00+05:30,437.373,691.655,35.928,synthetic,True,True,True,True
2363,2026-03-25T14:45:00+05:30,426.236,666.707,36.322,synthetic,True,True,True,True
2364,2026-03-25T15:00:00+05:30,433.164,601.128,35.926,synthetic,True,True,True,True
2365,2026-03-25T15:15:00+05:30,437.106,581.433,35.827,synthetic,True,True,True,True
2366,2026-03-25T15:30:00+05:30,436.218,520.609,35.99,synthetic,True,True,True,True
2367,2026-03-25T15:45:00+05:30,415.831,489.815,35.614,synthetic,True,True,True,True
2368,2026-03-25T16:00:00+05:30,412.146,426.366,35.949,synthetic,True,True,True,True
2369,2026-03-25T16:15:00+05:30,402.253,368.264,36.692,synthetic,True,True,True,True
2370,2026-03-25T16:30:00+05:30,373.982,301.576,36.757,synthetic,True,True,True,True
2371,2026-03-25T16:45:00+05:30,369.509,245.416,36.814,synthetic,True,True,True,True
2372,2026-03-25T17:00:00+05:30,372.985,194.476,36.073,synthetic,True,True,True,True
2373,2026-03-25T17:15:00+05:30,382.592,137.012,35.921,synthetic,True,True,True,True
2374,2026-03-25T17:30:00+05:30,392.868,88.92,35.164,synthetic,True,True,True,True
2375,2026-03-25T17:45:00+05:30,406.979,40.411,34.745,synthetic,True,True,True,True
2376,2026-03-25T18:00:00+05:30,741.367,10.709,34.692,synthetic,True,True,True,True
2377,2026-03-25T18:15:00+05:30,742.964,0.179,34.394,synthetic,True,True,True,True
2378,2026-03-25T18:30:00+05:30,720.387,0.0,33.582,synthetic,True,True,True,True
2379,2026-03-25T18:45:00+05:30,748.016,0.0,33.312,synthetic,True,True,True,True
2380,2026-03-25T19:00:00+05:30,750.09,0.0,33.587,synthetic,True,True,True,True
2381,2026-03-25T19:15:00+05:30,739.203,0.0,33.507,synthetic,True,True,True,True
2382,2026-03-25T19:30:00+05:30,763.603,0.0,32.67,synthetic,True,True,True,True
2383,2026-03-25T19:45:00+05:30,778.723,0.0,32.19,synthetic,True,True,True,True
2384,2026-03-25T20:00:00+05:30,770.312,0.0,31.18,synthetic,True,True,True,True
2385,2026-03-25T20:15:00+05:30,759.92,0.0,31.798,synthetic,True,True,True,True
2386,2026-03-25T20:30:00+05:30,765.41,0.0,30.861,synthetic,True,True,True,True
2387,2026-03-25T20:45:00+05:30,700.889,0.0,30.107,synthetic,True,True,True,True
2388,2026-03-25T21:00:00+05:30,666.353,0.0,29.903,synthetic,True,True,True,True
2389,2026-03-25T21:15:00+05:30,663.592,0.0,29.498,synthetic,True,True,True,True
2390,2026-03-25T21:30:00+05:30,677.222,0.0,29.609,synthetic,True,True,True,True
2391,2026-03-25T21:45:00+05:30,673.614,0.0,29.275,synthetic,True,True,True,True
2392,2026-03-25T22:00:00+05:30,400.544,0.0,28.543,synthetic,True,True,True,True
2393,2026-03-25T22:15:00+05:30,403.149,0.0,28.609,synthetic,True,True,True,True
2394,2026-03-25T22:30:00+05:30,387.86,0.0,28.351,synthetic,True,True,True,True
2395,2026-03-25T22:45:00+05:30,388.556,0.0,27.813,synthetic,True,True,True,True
2396,2026-03-25T23:00:00+05:30,403.802,0.0,27.861,synthetic,True,True,True,True
2397,2026-03-25T23:15:00+05:30,402.521,0.0,27.789,synthetic,True,True,True,True
2398,2026-03-25T23:30:00+05:30,418.135,0.0,28.277,synthetic,True,True,True,True
2399,2026-03-25T23:45:00+05:30,407.981,0.0,27.67,synthetic,True,True,True,True
2400,2026-03-26T00:00:00+05:30,431.09,0.0,27.913,synthetic,True,True,True,True
2401,2026-03-26T00:15:00+05:30,427.904,0.0,27.25,synthetic,True,True,True,True
2402,2026-03-26T00:30:00+05:30,409.938,0.0,27.171,synthetic,True,True,True,True
2403,2026-03-26T00:45:00+05:30,404.141,0.0,26.364,synthetic,True,True,True,True
2404,2026-03-26T01:00:00+05:30,406.668,0.0,25.12,synthetic,True,True,True,True
2405,2026-03-26T01:15:00+05:30,406.45,0.0,25.11,synthetic,True,True,True,True
2406,2026-03-26T01:30:00+05:30,393.859,0.0,25.22,synthetic,True,True,True,True
2407,2026-03-26T01:45:00+05:30,389.227,0.0,24.702,synthetic,True,True,True,True
2408,2026-03-26T02:00:00+05:30,369.58,0.0,24.641,synthetic,True,True,True,True
2409,2026-03-26T02:15:00+05:30,364.991,0.0,24.8,synthetic,True,True,True,True
2410,2026-03-26T02:30:00+05:30,371.329,0.0,24.848,synthetic,True,True,True,True
2411,2026-03-26T02:45:00+05:30,376.922,0.0,24.632,synthetic,True,True,True,True
2412,2026-03-26T03:00:00+05:30,364.382,0.0,24.264,synthetic,True,True,True,True
2413,2026-03-26T03:15:00+05:30,370.517,0.0,24.309,synthetic,True,True,True,True
2414,2026-03-26T03:30:00+05:30,399.343,0.0,24.128,synthetic,True,True,True,True
2415,2026-03-26T03:45:00+05:30,400.063,0.0,23.777,synthetic,True,True,True,True
2416,2026-03-26T04:00:00+05:30,405.641,0.0,23.311,synthetic,True,True,True,True
2417,2026-03-26T04:15:00+05:30,402.056,0.0,24.747,synthetic,True,True,True,True
2418,2026-03-26T04:30:00+05:30,413.684,0.0,25.323,synthetic,True,True,True,True
2419,2026-03-26T04:45:00+05:30,423.491,0.0,26.473,synthetic,True,True,True,True
2420,2026-03-26T05:00:00+05:30,426.057,0.0,26.958,synthetic,True,True,True,True
2421,2026-03-26T05:15:00+05:30,432.312,0.0,26.879,synthetic,True,True,True,True
2422,2026-03-26T05:30:00+05:30,466.25,0.0,26.65,synthetic,True,True,True,True
2423,2026-03-26T05:45:00+05:30,446.573,0.0,26.484,synthetic,True,True,True,True
2424,2026-03-26T06:00:00+05:30,721.69,0.0,26.551,synthetic,True,True,True,True
2425,2026-03-26T06:15:00+05:30,691.757,0.319,25.992,synthetic,True,True,True,True
2426,2026-03-26T06:30:00+05:30,714.945,14.697,26.596,synthetic,True,True,True,True
2427,2026-03-26T06:45:00+05:30,723.196,54.737,27.325,synthetic,True,True,True,True
2428,2026-03-26T07:00:00+05:30,696.389,108.902,27.452,synthetic,True,True,True,True
2429,2026-03-26T07:15:00+05:30,695.628,168.877,28.178,synthetic,True,True,True,True
2430,2026-03-26T07:30:00+05:30,731.343,230.522,28.432,synthetic,True,True,True,True
2431,2026-03-26T07:45:00+05:30,711.442,292.975,28.689,synthetic,True,True,True,True
2432,2026-03-26T08:00:00+05:30,728.908,345.294,28.917,synthetic,True,True,True,True
2433,2026-03-26T08:15:00+05:30,707.067,413.056,28.932,synthetic,True,True,True,True
2434,2026-03-26T08:30:00+05:30,686.863,476.818,29.972,synthetic,True,True,True,True
2435,2026-03-26T08:45:00+05:30,721.287,534.564,30.307,synthetic,True,True,True,True
2436,2026-03-26T09:00:00+05:30,768.758,589.735,30.97,synthetic,True,True,True,True
2437,2026-03-26T09:15:00+05:30,770.95,639.185,31.036,synthetic,True,True,True,True
2438,2026-03-26T09:30:00+05:30,784.387,687.592,31.325,synthetic,True,True,True,True
2439,2026-03-26T09:45:00+05:30,779.825,729.527,32.214,synthetic,True,True,True,True
2440,2026-03-26T10:00:00+05:30,447.82,746.599,32.402,synthetic,True,True,True,True
2441,2026-03-26T10:15:00+05:30,452.69,724.408,32.7,synthetic,True,True,True,True
2442,2026-03-26T10:30:00+05:30,446.233,755.217,33.201,synthetic,True,True,True,True
2443,2026-03-26T10:45:00+05:30,444.691,772.074,34.014,synthetic,True,True,True,True
2444,2026-03-26T11:00:00+05:30,438.012,827.398,33.861,synthetic,True,True,True,True
2445,2026-03-26T11:15:00+05:30,453.185,822.235,33.752,synthetic,True,True,True,True
2446,2026-03-26T11:30:00+05:30,446.141,855.634,34.351,synthetic,True,True,True,True
2447,2026-03-26T11:45:00+05:30,438.698,884.136,34.593,synthetic,True,True,True,True
2448,2026-03-26T12:00:00+05:30,414.509,876.475,36.071,synthetic,True,True,True,True
2449,2026-03-26T12:15:00+05:30,398.976,906.072,35.846,synthetic,True,True,True,True
2450,2026-03-26T12:30:00+05:30,401.557,886.96,36.075,synthetic,True,True,True,True
2451,2026-03-26T12:45:00+05:30,397.437,904.717,36.753,synthetic,True,True,True,True
2452,2026-03-26T13:00:00+05:30,397.462,876.785,36.41,synthetic,True,True,True,True
2453,2026-03-26T13:15:00+05:30,398.801,849.961,36.151,synthetic,True,True,True,True
2454,2026-03-26T13:30:00+05:30,400.412,878.805,36.348,synthetic,True,True,True,True
2455,2026-03-26T13:45:00+05:30,425.167,826.761,37.25,synthetic,True,True,True,True
2456,2026-03-26T14:00:00+05:30,422.809,792.941,37.548,synthetic,True,True,True,True
2457,2026-03-26T14:15:00+05:30,408.652,771.822,38.345,synthetic,True,True,True,True
2458,2026-03-26T14:30:00+05:30,398.197,711.334,38.332,synthetic,True,True,True,True
2459,2026-03-26T14:45:00+05:30,409.395,666.481,39.191,synthetic,True,True,True,True
2460,2026-03-26T15:00:00+05:30,431.246,601.574,39.006,synthetic,True,True,True,True
2461,2026-03-26T15:15:00+05:30,426.057,532.433,38.226,synthetic,True,True,True,True
2462,2026-03-26T15:30:00+05:30,431.635,496.156,38.256,synthetic,True,True,True,True
2463,2026-03-26T15:45:00+05:30,430.909,439.437,38.319,synthetic,True,True,True,True
2464,2026-03-26T16:00:00+05:30,429.965,418.162,37.672,synthetic,True,True,True,True
2465,2026-03-26T16:15:00+05:30,447.747,379.258,37.366,synthetic,True,True,True,True
2466,2026-03-26T16:30:00+05:30,428.613,322.666,37.099,synthetic,True,True,True,True
2467,2026-03-26T16:45:00+05:30,438.439,268.08,37.277,synthetic,True,True,True,True
2468,2026-03-26T17:00:00+05:30,425.746,206.484,36.407,synthetic,True,True,True,True
2469,2026-03-26T17:15:00+05:30,424.821,156.24,36.022,synthetic,True,True,True,True
2470,2026-03-26T17:30:00+05:30,431.767,102.878,35.93,synthetic,True,True,True,True
2471,2026-03-26T17:45:00+05:30,410.569,51.597,35.915,synthetic,True,True,True,True
2472,2026-03-26T18:00:00+05:30,734.171,13.632,35.874,synthetic,True,True,True,True
2473,2026-03-26T18:15:00+05:30,728.887,0.235,35.021,synthetic,True,True,True,True
2474,2026-03-26T18:30:00+05:30,706.309,0.0,34.744,synthetic,True,True,True,True
2475,2026-03-26T18:45:00+05:30,734.26,0.0,35.012,synthetic,True,True,True,True
2476,2026-03-26T19:00:00+05:30,742.82,0.0,34.867,synthetic,True,True,False,True
2477,2026-03-26T19:15:00+05:30,711.935,0.0,35.296,synthetic,True,True,False,True
2478,2026-03-26T19:30:00+05:30,683.211,0.0,34.637,synthetic,True,True,False,True
2479,2026-03-26T19:45:00+05:30,693.462,0.0,34.56,synthetic,True,True,False,True
2480,2026-03-26T20:00:00+05:30,700.44,0.0,33.835,synthetic,True,True,False,True
2481,2026-03-26T20:15:00+05:30,680.895,0.0,33.828,synthetic,True,True,False,True
2482,2026-03-26T20:30:00+05:30,688.877,0.0,33.597,synthetic,True,True,False,True
2483,2026-03-26T20:45:00+05:30,675.076,0.0,32.193,synthetic,True,True,False,True
2484,2026-03-26T21:00:00+05:30,698.19,0.0,31.15,synthetic,True,True,False,True
2485,2026-03-26T21:15:00+05:30,696.01,0.0,30.836,synthetic,True,True,False,True
2486,2026-03-26T21:30:00+05:30,694.885,0.0,30.408,synthetic,True,True,False,True
2487,2026-03-26T21:45:00+05:30,718.015,0.0,29.102,synthetic,True,True,False,True
2488,2026-03-26T22:00:00+05:30,409.726,0.0,28.204,synthetic,True,True,False,True
2489,2026-03-26T22:15:00+05:30,395.315,0.0,27.727,synthetic,True,True,False,True
2490,2026-03-26T22:30:00+05:30,391.062,0.0,27.851,synthetic,True,True,False,True
2491,2026-03-26T22:45:00+05:30,388.522,0.0,27.368,synthetic,True,True,False,True
2492,2026-03-26T23:00:00+05:30,391.204,0.0,27.274,synthetic,True,True,True,True
2493,2026-03-26T23:15:00+05:30,383.726,0.0,26.542,synthetic,True,True,True,True
2494,2026-03-26T23:30:00+05:30,383.618,0.0,26.464,synthetic,True,True,True,True
2495,2026-03-26T23:45:00+05:30,397.715,0.0,26.709,synthetic,True,True,True,True
2496,2026-03-27T00:00:00+05:30,389.062,0.0,26.089,synthetic,True,True,True,True
2497,2026-03-27T00:15:00+05:30,378.951,0.0,24.827,synthetic,True,True,True,True
2498,2026-03-27T00:30:00+05:30,375.26,0.0,25.061,synthetic,True,True,True,True
2499,2026-03-27T00:45:00+05:30,381.139,0.0,25.433,synthetic,True,True,True,True
2500,2026-03-27T01:00:00+05:30,376.254,0.0,25.563,synthetic,True,True,True,True
2501,2026-03-27T01:15:00+05:30,366.789,0.0,25.541,synthetic,True,True,True,True
2502,2026-03-27T01:30:00+05:30,401.94,0.0,25.689,synthetic,True,True,True,True
2503,2026-03-27T01:45:00+05:30,395.072,0.0,25.519,synthetic,True,True,True,True
2504,2026-03-27T02:00:00+05:30,404.488,0.0,24.935,synthetic,True,True,True,True
2505,2026-03-27T02:15:00+05:30,403.385,0.0,24.894,synthetic,True,True,True,True
2506,2026-03-27T02:30:00+05:30,417.075,0.0,24.721,synthetic,True,True,True,True
2507,2026-03-27T02:45:00+05:30,418.074,0.0,24.496,synthetic,True,True,True,True
2508,2026-03-27T03:00:00+05:30,391.101,0.0,24.463,synthetic,True,True,True,True
2509,2026-03-27T03:15:00+05:30,417.501,0.0,24.641,synthetic,True,True,True,True
2510,2026-03-27T03:30:00+05:30,412.064,0.0,24.283,synthetic,True,True,True,True
2511,2026-03-27T03:45:00+05:30,398.694,0.0,24.944,synthetic,True,True,True,True
2512,2026-03-27T04:00:00+05:30,397.687,0.0,24.979,synthetic,True,True,True,True
2513,2026-03-27T04:15:00+05:30,401.832,0.0,25.104,synthetic,True,True,True,True
2514,2026-03-27T04:30:00+05:30,400.132,0.0,25.707,synthetic,True,True,True,True
2515,2026-03-27T04:45:00+05:30,414.395,0.0,26.161,synthetic,True,True,True,True
2516,2026-03-27T05:00:00+05:30,391.516,0.0,26.262,synthetic,True,True,True,True
2517,2026-03-27T05:15:00+05:30,389.855,0.0,26.608,synthetic,True,True,True,True
2518,2026-03-27T05:30:00+05:30,410.818,0.0,27.032,synthetic,True,True,True,True
2519,2026-03-27T05:45:00+05:30,419.461,0.0,26.746,synthetic,True,True,True,True
2520,2026-03-27T06:00:00+05:30,760.518,0.0,26.895,synthetic,True,True,True,True
2521,2026-03-27T06:15:00+05:30,766.635,0.41,27.955,synthetic,True,True,True,True
2522,2026-03-27T06:30:00+05:30,775.914,14.769,27.883,synthetic,True,True,True,True
2523,2026-03-27T06:45:00+05:30,753.589,53.075,28.237,synthetic,True,True,True,True
2524,2026-03-27T07:00:00+05:30,786.871,105.733,27.483,synthetic,True,True,True,True
2525,2026-03-27T07:15:00+05:30,789.297,163.031,27.736,synthetic,True,True,True,True
2526,2026-03-27T07:30:00+05:30,739.015,223.706,28.305,synthetic,True,True,True,True
2527,2026-03-27T07:45:00+05:30,742.742,286.275,28.579,synthetic,True,True,True,True
2528,2026-03-27T08:00:00+05:30,721.889,347.941,27.967,synthetic,True,True,True,True
2529,2026-03-27T08:15:00+05:30,682.07,409.163,28.64,synthetic,True,True,True,True
2530,2026-03-27T08:30:00+05:30,703.844,468.85,29.569,synthetic,True,True,True,True
2531,2026-03-27T08:45:00+05:30,726.771,529.222,29.962,synthetic,True,True,True,True
2532,2026-03-27T09:00:00+05:30,707.833,567.733,30.29,synthetic,True,True,True,True
2533,2026-03-27T09:15:00+05:30,712.077,625.698,29.995,synthetic,True,True,True,True
2534,2026-03-27T09:30:00+05:30,707.744,643.051,30.947,synthetic,True,True,True,True
2535,2026-03-27T09:45:00+05:30,699.936,685.311,32.148,synthetic,True,True,True,True
2536,2026-03-27T10:00:00+05:30,404.114,659.773,32.307,synthetic,True,True,True,True
2537,2026-03-27T10:15:00+05:30,393.728,746.666,32.827,synthetic,True,True,True,True
2538,2026-03-27T10:30:00+05:30,373.154,811.732,32.983,synthetic,True,True,True,True
2539,2026-03-27T10:45:00+05:30,384.528,832.445,33.984,synthetic,True,True,True,True
2540,2026-03-27T11:00:00+05:30,366.621,850.594,34.725,synthetic,True,True,True,True
2541,2026-03-27T11:15:00+05:30,354.224,880.012,34.935,synthetic,True,True,True,True
2542,2026-03-27T11:30:00+05:30,346.885,890.988,34.995,synthetic,True,True,True,True
2543,2026-03-27T11:45:00+05:30,353.297,900.76,35.424,synthetic,True,True,True,True
2544,2026-03-27T12:00:00+05:30,370.613,877.068,35.203,synthetic,True,True,True,True
2545,2026-03-27T12:15:00+05:30,390.716,865.189,35.377,synthetic,True,True,True,True
2546,2026-03-27T12:30:00+05:30,405.61,860.981,36.396,synthetic,True,True,True,True
2547,2026-03-27T12:45:00+05:30,418.788,892.014,36.535,synthetic,True,True,True,True
2548,2026-03-27T13:00:00+05:30,427.028,861.881,36.617,synthetic,True,True,True,True
2549,2026-03-27T13:15:00+05:30,428.388,872.472,37.086,synthetic,True,True,True,True
2550,2026-03-27T13:30:00+05:30,415.959,877.754,36.488,synthetic,True,True,True,True
2551,2026-03-27T13:45:00+05:30,409.588,853.307,37.146,synthetic,True,True,True,True
2552,2026-03-27T14:00:00+05:30,421.79,843.129,37.724,synthetic,True,True,True,True
2553,2026-03-27T14:15:00+05:30,419.386,811.84,37.984,synthetic,True,True,True,True
2554,2026-03-27T14:30:00+05:30,407.325,767.69,37.816,synthetic,True,True,True,True
2555,2026-03-27T14:45:00+05:30,411.661,733.555,37.957,synthetic,True,True,True,True
2556,2026-03-27T15:00:00+05:30,426.12,679.699,38.114,synthetic,True,True,True,True
2557,2026-03-27T15:15:00+05:30,433.341,611.891,37.619,synthetic,True,True,True,True
2558,2026-03-27T15:30:00+05:30,432.379,574.877,37.487,synthetic,True,True,True,True
2559,2026-03-27T15:45:00+05:30,418.446,518.364,37.381,synthetic,True,True,True,True
2560,2026-03-27T16:00:00+05:30,412.814,459.013,37.27,synthetic,True,True,True,True
2561,2026-03-27T16:15:00+05:30,404.26,400.776,37.507,synthetic,True,True,True,True
2562,2026-03-27T16:30:00+05:30,401.252,337.4,36.991,synthetic,True,True,True,True
2563,2026-03-27T16:45:00+05:30,405.619,274.865,36.638,synthetic,True,True,True,True
2564,2026-03-27T17:00:00+05:30,400.581,211.68,36.312,synthetic,True,True,True,True
2565,2026-03-27T17:15:00+05:30,407.241,152.284,36.408,synthetic,True,True,True,True
2566,2026-03-27T17:30:00+05:30,397.294,93.627,37.057,synthetic,True,True,True,True
2567,2026-03-27T17:45:00+05:30,394.603,45.93,36.676,synthetic,True,True,True,True
2568,2026-03-27T18:00:00+05:30,695.831,12.156,35.998,synthetic,True,True,True,True
2569,2026-03-27T18:15:00+05:30,700.33,0.219,35.734,synthetic,True,True,True,True
2570,2026-03-27T18:30:00+05:30,678.041,0.0,34.951,synthetic,True,True,True,True
2571,2026-03-27T18:45:00+05:30,649.777,0.0,34.59,synthetic,True,True,True,True
2572,2026-03-27T19:00:00+05:30,657.683,0.0,33.947,synthetic,True,True,True,True
2573,2026-03-27T19:15:00+05:30,661.275,0.0,33.407,synthetic,True,True,True,True
2574,2026-03-27T19:30:00+05:30,663.214,0.0,33.013,synthetic,True,True,True,True
2575,2026-03-27T19:45:00+05:30,656.449,0.0,33.076,synthetic,True,True,True,True
2576,2026-03-27T20:00:00+05:30,663.229,0.0,32.494,synthetic,True,True,True,True
2577,2026-03-27T20:15:00+05:30,677.558,0.0,31.833,synthetic,True,True,True,True
2578,2026-03-27T20:30:00+05:30,704.24,0.0,30.876,synthetic,True,True,True,True
2579,2026-03-27T20:45:00+05:30,670.237,0.0,29.873,synthetic,True,True,True,True
2580,2026-03-27T21:00:00+05:30,649.238,0.0,29.241,synthetic,True,True,True,True
2581,2026-03-27T21:15:00+05:30,640.582,0.0,29.594,synthetic,True,True,True,True
2582,2026-03-27T21:30:00+05:30,643.121,0.0,29.257,synthetic,True,True,True,True
2583,2026-03-27T21:45:00+05:30,626.398,0.0,29.031,synthetic,True,True,True,True
2584,2026-03-27T22:00:00+05:30,362.922,0.0,28.692,synthetic,True,True,True,True
2585,2026-03-27T22:15:00+05:30,380.739,0.0,27.61,synthetic,True,True,True,True
2586,2026-03-27T22:30:00+05:30,376.58,0.0,27.394,synthetic,True,True,True,True
2587,2026-03-27T22:45:00+05:30,368.078,0.0,27.182,synthetic,True,True,True,True
2588,2026-03-27T23:00:00+05:30,369.557,0.0,25.472,synthetic,True,True,True,True
2589,2026-03-27T23:15:00+05:30,389.848,0.0,25.331,synthetic,True,True,True,True
2590,2026-03-27T23:30:00+05:30,386.44,0.0,24.974,synthetic,True,True,True,True
2591,2026-03-27T23:45:00+05:30,394.527,0.0,24.828,synthetic,True,True,True,True
2592,2026-03-28T00:00:00+05:30,430.392,0.0,24.585,synthetic,True,True,True,True
2593,2026-03-28T00:15:00+05:30,427.732,0.0,24.27,synthetic,True,True,True,True
2594,2026-03-28T00:30:00+05:30,436.35,0.0,24.254,synthetic,True,True,True,True
2595,2026-03-28T00:45:00+05:30,438.827,0.0,23.557,synthetic,True,True,True,True
2596,2026-03-28T01:00:00+05:30,433.113,0.0,23.335,synthetic,True,True,True,True
2597,2026-03-28T01:15:00+05:30,393.086,0.0,23.457,synthetic,True,True,True,True
2598,2026-03-28T01:30:00+05:30,387.125,0.0,23.915,synthetic,True,True,True,True
2599,2026-03-28T01:45:00+05:30,375.793,0.0,23.907,synthetic,True,True,True,True
2600,2026-03-28T02:00:00+05:30,399.297,0.0,23.894,synthetic,True,True,True,True
2601,2026-03-28T02:15:00+05:30,378.351,0.0,24.157,synthetic,True,True,True,True
2602,2026-03-28T02:30:00+05:30,380.67,0.0,23.774,synthetic,True,True,True,True
2603,2026-03-28T02:45:00+05:30,387.491,0.0,22.677,synthetic,True,True,True,True
2604,2026-03-28T03:00:00+05:30,386.282,0.0,22.141,synthetic,True,True,True,True
2605,2026-03-28T03:15:00+05:30,385.446,0.0,22.167,synthetic,True,True,True,True
2606,2026-03-28T03:30:00+05:30,390.393,0.0,22.465,synthetic,True,True,True,True
2607,2026-03-28T03:45:00+05:30,398.819,0.0,22.929,synthetic,True,True,True,True
2608,2026-03-28T04:00:00+05:30,415.814,0.0,23.307,synthetic,True,True,True,True
2609,2026-03-28T04:15:00+05:30,406.527,0.0,23.229,synthetic,True,True,True,True
2610,2026-03-28T04:30:00+05:30,419.706,0.0,23.019,synthetic,True,True,True,True
2611,2026-03-28T04:45:00+05:30,444.368,0.0,24.137,synthetic,True,True,True,True
2612,2026-03-28T05:00:00+05:30,418.289,0.0,24.476,synthetic,True,True,True,True
2613,2026-03-28T05:15:00+05:30,410.914,0.0,24.725,synthetic,True,True,True,True
2614,2026-03-28T05:30:00+05:30,400.288,0.0,25.26,synthetic,True,True,True,True
2615,2026-03-28T05:45:00+05:30,399.077,0.0,26.011,synthetic,True,True,True,True
2616,2026-03-28T06:00:00+05:30,561.52,0.0,26.311,synthetic,True,True,True,True
2617,2026-03-28T06:15:00+05:30,580.61,0.542,26.928,synthetic,True,True,True,True
2618,2026-03-28T06:30:00+05:30,578.985,15.874,27.514,synthetic,True,True,True,True
2619,2026-03-28T06:45:00+05:30,561.222,53.579,28.136,synthetic,True,True,True,True
2620,2026-03-28T07:00:00+05:30,536.399,98.092,28.605,synthetic,True,True,True,True
2621,2026-03-28T07:15:00+05:30,534.143,153.678,28.769,synthetic,True,True,True,True
2622,2026-03-28T07:30:00+05:30,541.909,213.474,28.505,synthetic,True,True,True,True
2623,2026-03-28T07:45:00+05:30,519.382,266.796,28.975,synthetic,True,True,True,True
2624,2026-03-28T08:00:00+05:30,506.094,324.7,28.902,synthetic,True,True,True,True
2625,2026-03-28T08:15:00+05:30,501.734,384.739,29.338,synthetic,True,True,True,True
2626,2026-03-28T08:30:00+05:30,513.089,446.606,29.552,synthetic,True,True,True,True
2627,2026-03-28T08:45:00+05:30,513.628,525.611,30.124,synthetic,True,True,True,True
2628,2026-03-28T09:00:00+05:30,494.109,573.257,30.383,synthetic,True,True,True,True
2629,2026-03-28T09:15:00+05:30,499.135,616.693,30.811,synthetic,True,True,True,True
2630,2026-03-28T09:30:00+05:30,488.926,632.43,31.229,synthetic,True,True,True,True
2631,2026-03-28T09:45:00+05:30,467.101,650.898,31.924,synthetic,True,True,True,True
2632,2026-03-28T10:00:00+05:30,341.024,690.954,32.489,synthetic,True,True,True,True
2633,2026-03-28T10:15:00+05:30,321.575,742.901,32.49,synthetic,True,True,True,True
2634,2026-03-28T10:30:00+05:30,333.124,740.314,32.954,synthetic,True,True,True,True
2635,2026-03-28T10:45:00+05:30,344.01,810.317,33.359,synthetic,True,True,True,True
2636,2026-03-28T11:00:00+05:30,359.686,814.679,33.783,synthetic,True,True,True,True
2637,2026-03-28T11:15:00+05:30,358.438,866.398,33.36,synthetic,True,True,True,True
2638,2026-03-28T11:30:00+05:30,373.695,897.203,33.84,synthetic,True,True,True,True
2639,2026-03-28T11:45:00+05:30,379.923,905.165,34.413,synthetic,True,True,True,True
2640,2026-03-28T12:00:00+05:30,388.387,917.522,34.334,synthetic,True,True,True,True
2641,2026-03-28T12:15:00+05:30,382.534,881.393,34.909,synthetic,True,True,True,True
2642,2026-03-28T12:30:00+05:30,398.933,853.304,35.571,synthetic,True,True,True,True
2643,2026-03-28T12:45:00+05:30,399.108,867.399,36.083,synthetic,True,True,True,True
2644,2026-03-28T13:00:00+05:30,406.292,878.212,35.831,synthetic,True,True,True,True
2645,2026-03-28T13:15:00+05:30,387.449,900.3,36.443,synthetic,True,True,True,True
2646,2026-03-28T13:30:00+05:30,399.93,857.604,36.484,synthetic,True,True,True,True
2647,2026-03-28T13:45:00+05:30,388.591,856.713,36.213,synthetic,True,True,True,True
2648,2026-03-28T14:00:00+05:30,399.451,826.772,36.607,synthetic,True,True,True,True
2649,2026-03-28T14:15:00+05:30,401.935,802.289,36.128,synthetic,True,True,True,True
2650,2026-03-28T14:30:00+05:30,393.545,754.725,36.558,synthetic,True,True,True,True
2651,2026-03-28T14:45:00+05:30,407.629,726.599,36.943,synthetic,True,True,True,True
2652,2026-03-28T15:00:00+05:30,417.398,688.314,36.896,synthetic,True,True,True,True
2653,2026-03-28T15:15:00+05:30,422.421,642.084,36.409,synthetic,True,True,True,True
2654,2026-03-28T15:30:00+05:30,428.128,588.02,36.1,synthetic,True,True,True,True
2655,2026-03-28T15:45:00+05:30,435.211,537.846,35.931,synthetic,True,True,True,True
2656,2026-03-28T16:00:00+05:30,434.941,468.762,35.27,synthetic,True,True,True,True
2657,2026-03-28T16:15:00+05:30,440.554,402.708,34.466,synthetic,True,True,True,True
2658,2026-03-28T16:30:00+05:30,447.863,344.383,34.003,synthetic,True,True,True,True
2659,2026-03-28T16:45:00+05:30,456.931,278.764,34.401,synthetic,True,True,True,True
2660,2026-03-28T17:00:00+05:30,441.467,221.796,34.192,synthetic,True,True,True,True
2661,2026-03-28T17:15:00+05:30,443.623,162.44,34.181,synthetic,True,True,True,True
2662,2026-03-28T17:30:00+05:30,426.501,102.161,34.028,synthetic,True,True,True,True
2663,2026-03-28T17:45:00+05:30,423.084,51.118,33.492,synthetic,True,True,True,True
2664,2026-03-28T18:00:00+05:30,549.376,13.521,33.566,synthetic,True,True,True,True
2665,2026-03-28T18:15:00+05:30,554.122,0.244,33.755,synthetic,True,True,True,True
2666,2026-03-28T18:30:00+05:30,563.943,0.0,33.176,synthetic,True,True,True,True
2667,2026-03-28T18:45:00+05:30,546.808,0.0,33.466,synthetic,True,True,True,True
2668,2026-03-28T19:00:00+05:30,551.793,0.0,33.294,synthetic,True,True,True,True
2669,2026-03-28T19:15:00+05:30,529.792,0.0,32.426,synthetic,True,True,True,True
2670,2026-03-28T19:30:00+05:30,551.189,0.0,32.735,synthetic,True,True,True,True
2671,2026-03-28T19:45:00+05:30,554.066,0.0,32.307,synthetic,True,True,True,True
2672,2026-03-28T20:00:00+05:30,582.102,0.0,32.212,synthetic,True,True,True,True
2673,2026-03-28T20:15:00+05:30,569.673,0.0,32.274,synthetic,True,True,True,True
2674,2026-03-28T20:30:00+05:30,554.427,0.0,32.139,synthetic,True,True,True,True
2675,2026-03-28T20:45:00+05:30,563.476,0.0,31.945,synthetic,True,True,True,True
2676,2026-03-28T21:00:00+05:30,552.351,0.0,31.461,synthetic,True,True,True,True
2677,2026-03-28T21:15:00+05:30,554.983,0.0,31.359,synthetic,True,True,True,True
2678,2026-03-28T21:30:00+05:30,565.73,0.0,30.037,synthetic,True,True,True,True
2679,2026-03-28T21:45:00+05:30,559.329,0.0,30.014,synthetic,True,True,True,True
2680,2026-03-28T22:00:00+05:30,419.358,0.0,29.302,synthetic,True,True,True,True
2681,2026-03-28T22:15:00+05:30,433.089,0.0,29.252,synthetic,True,True,True,True
2682,2026-03-28T22:30:00+05:30,413.013,0.0,28.718,synthetic,True,True,True,True
2683,2026-03-28T22:45:00+05:30,399.629,0.0,28.248,synthetic,True,True,True,True
2684,2026-03-28T23:00:00+05:30,426.264,0.0,28.563,synthetic,True,True,True,True
2685,2026-03-28T23:15:00+05:30,404.302,0.0,28.131,synthetic,True,True,True,True
2686,2026-03-28T23:30:00+05:30,419.715,0.0,28.454,synthetic,True,True,True,True
2687,2026-03-28T23:45:00+05:30,426.801,0.0,27.829,synthetic,True,True,True,True
2688,2026-03-29T00:00:00+05:30,417.399,0.0,27.277,synthetic,True,True,True,True
2689,2026-03-29T00:15:00+05:30,411.384,0.0,27.477,synthetic,True,True,True,True
2690,2026-03-29T00:30:00+05:30,417.146,0.0,27.215,synthetic,True,True,True,True
2691,2026-03-29T00:45:00+05:30,411.171,0.0,26.88,synthetic,True,True,True,True
2692,2026-03-29T01:00:00+05:30,418.087,0.0,26.648,synthetic,True,True,True,True
2693,2026-03-29T01:15:00+05:30,404.875,0.0,27.426,synthetic,True,True,True,True
2694,2026-03-29T01:30:00+05:30,408.305,0.0,27.29,synthetic,True,True,True,True
2695,2026-03-29T01:45:00+05:30,410.1,0.0,26.418,synthetic,True,True,True,True
2696,2026-03-29T02:00:00+05:30,420.657,0.0,26.084,synthetic,True,True,True,True
2697,2026-03-29T02:15:00+05:30,416.7,0.0,25.676,synthetic,True,True,True,True
2698,2026-03-29T02:30:00+05:30,417.723,0.0,25.738,synthetic,True,True,True,True
2699,2026-03-29T02:45:00+05:30,428.822,0.0,25.814,synthetic,True,True,True,True
2700,2026-03-29T03:00:00+05:30,429.93,0.0,25.902,synthetic,True,True,True,True
2701,2026-03-29T03:15:00+05:30,415.435,0.0,25.343,synthetic,True,True,True,True
2702,2026-03-29T03:30:00+05:30,400.497,0.0,24.868,synthetic,True,True,True,True
2703,2026-03-29T03:45:00+05:30,388.266,0.0,24.705,synthetic,True,True,True,True
2704,2026-03-29T04:00:00+05:30,373.506,0.0,25.221,synthetic,True,True,True,True
2705,2026-03-29T04:15:00+05:30,369.159,0.0,25.116,synthetic,True,True,True,True
2706,2026-03-29T04:30:00+05:30,373.983,0.0,24.949,synthetic,True,True,True,True
2707,2026-03-29T04:45:00+05:30,367.518,0.0,25.424,synthetic,True,True,True,True
2708,2026-03-29T05:00:00+05:30,372.881,0.0,25.815,synthetic,True,True,True,True
2709,2026-03-29T05:15:00+05:30,385.004,0.0,26.376,synthetic,True,True,True,True
2710,2026-03-29T05:30:00+05:30,395.773,0.0,26.806,synthetic,True,True,True,True
2711,2026-03-29T05:45:00+05:30,405.149,0.0,26.39,synthetic,True,True,True,True
2712,2026-03-29T06:00:00+05:30,538.259,0.0,27.05,synthetic,True,True,True,True
2713,2026-03-29T06:15:00+05:30,536.358,0.668,28.16,synthetic,True,True,True,True
2714,2026-03-29T06:30:00+05:30,545.394,16.265,28.173,synthetic,True,True,True,True
2715,2026-03-29T06:45:00+05:30,526.807,53.316,29.05,synthetic,True,True,True,True
2716,2026-03-29T07:00:00+05:30,535.235,101.335,28.597,synthetic,True,True,True,True
2717,2026-03-29T07:15:00+05:30,534.542,152.238,28.838,synthetic,True,True,True,True
2718,2026-03-29T07:30:00+05:30,507.445,214.512,29.687,synthetic,True,True,True,True
2719,2026-03-29T07:45:00+05:30,503.037,274.066,30.22,synthetic,True,True,True,True
2720,2026-03-29T08:00:00+05:30,484.032,333.622,30.126,synthetic,True,True,True,True
2721,2026-03-29T08:15:00+05:30,523.234,409.809,30.292,synthetic,True,True,True,True
2722,2026-03-29T08:30:00+05:30,504.663,461.169,30.092,synthetic,True,True,True,True
2723,2026-03-29T08:45:00+05:30,506.357,503.633,30.607,synthetic,True,True,True,True
2724,2026-03-29T09:00:00+05:30,517.077,552.114,30.776,synthetic,True,True,True,True
2725,2026-03-29T09:15:00+05:30,500.895,590.112,31.47,synthetic,True,True,True,True
2726,2026-03-29T09:30:00+05:30,516.147,625.719,31.299,synthetic,True,True,True,True
2727,2026-03-29T09:45:00+05:30,508.867,667.544,30.932,synthetic,True,True,True,True
2728,2026-03-29T10:00:00+05:30,386.656,727.021,31.214,synthetic,True,True,True,True
2729,2026-03-29T10:15:00+05:30,392.56,773.873,31.525,synthetic,True,True,True,True
2730,2026-03-29T10:30:00+05:30,385.404,798.923,31.847,synthetic,True,True,True,True
2731,2026-03-29T10:45:00+05:30,369.847,819.403,31.357,synthetic,True,True,True,True
2732,2026-03-29T11:00:00+05:30,361.062,834.842,31.773,synthetic,True,True,True,True
2733,2026-03-29T11:15:00+05:30,379.43,809.189,32.914,synthetic,True,True,True,True
2734,2026-03-29T11:30:00+05:30,371.27,786.714,33.966,synthetic,True,True,True,True
2735,2026-03-29T11:45:00+05:30,371.344,847.019,34.632,synthetic,True,True,True,True
2736,2026-03-29T12:00:00+05:30,375.226,856.359,34.093,synthetic,True,True,True,True
2737,2026-03-29T12:15:00+05:30,376.8,892.643,33.795,synthetic,True,True,True,True
2738,2026-03-29T12:30:00+05:30,358.569,898.094,34.036,synthetic,True,True,True,True
2739,2026-03-29T12:45:00+05:30,363.163,896.255,34.596,synthetic,True,True,True,True
2740,2026-03-29T13:00:00+05:30,360.583,890.717,34.916,synthetic,True,True,True,True
2741,2026-03-29T13:15:00+05:30,359.006,899.871,35.396,synthetic,True,True,True,True
2742,2026-03-29T13:30:00+05:30,369.585,878.918,35.474,synthetic,True,True,True,True
2743,2026-03-29T13:45:00+05:30,389.413,847.464,35.64,synthetic,True,True,True,True
2744,2026-03-29T14:00:00+05:30,382.75,834.658,35.519,synthetic,True,True,True,True
2745,2026-03-29T14:15:00+05:30,402.244,795.315,35.48,synthetic,True,True,True,True
2746,2026-03-29T14:30:00+05:30,406.078,767.503,35.465,synthetic,True,True,True,True
2747,2026-03-29T14:45:00+05:30,404.315,712.301,34.98,synthetic,True,True,True,True
2748,2026-03-29T15:00:00+05:30,402.063,664.999,35.369,synthetic,True,True,True,True
2749,2026-03-29T15:15:00+05:30,397.52,613.993,35.432,synthetic,True,True,True,True
2750,2026-03-29T15:30:00+05:30,396.153,550.836,35.171,synthetic,True,True,True,True
2751,2026-03-29T15:45:00+05:30,392.408,492.687,34.483,synthetic,True,True,True,True
2752,2026-03-29T16:00:00+05:30,406.526,412.646,34.367,synthetic,True,True,True,True
2753,2026-03-29T16:15:00+05:30,409.943,355.161,34.596,synthetic,True,True,True,True
2754,2026-03-29T16:30:00+05:30,419.068,293.882,33.763,synthetic,True,True,True,True
2755,2026-03-29T16:45:00+05:30,414.85,241.392,33.778,synthetic,True,True,True,True
2756,2026-03-29T17:00:00+05:30,435.699,189.066,33.108,synthetic,True,True,True,True
2757,2026-03-29T17:15:00+05:30,428.47,136.032,32.575,synthetic,True,True,True,True
2758,2026-03-29T17:30:00+05:30,449.81,90.97,32.162,synthetic,True,True,True,True
2759,2026-03-29T17:45:00+05:30,448.94,43.01,32.782,synthetic,True,True,True,True
2760,2026-03-29T18:00:00+05:30,609.669,11.083,33.231,synthetic,True,True,True,True
2761,2026-03-29T18:15:00+05:30,619.846,0.209,32.883,synthetic,True,True,True,True
2762,2026-03-29T18:30:00+05:30,602.607,0.0,31.826,synthetic,True,True,True,True
2763,2026-03-29T18:45:00+05:30,620.663,0.0,31.486,synthetic,True,True,True,True
2764,2026-03-29T19:00:00+05:30,584.539,0.0,30.782,synthetic,True,True,True,True
2765,2026-03-29T19:15:00+05:30,585.337,0.0,30.293,synthetic,True,True,True,True
2766,2026-03-29T19:30:00+05:30,567.117,0.0,30.267,synthetic,True,True,True,True
2767,2026-03-29T19:45:00+05:30,565.332,0.0,30.352,synthetic,True,True,True,True
2768,2026-03-29T20:00:00+05:30,561.013,0.0,30.311,synthetic,True,True,True,True
2769,2026-03-29T20:15:00+05:30,584.44,0.0,30.134,synthetic,True,True,True,True
2770,2026-03-29T20:30:00+05:30,568.147,0.0,29.38,synthetic,True,True,True,True
2771,2026-03-29T20:45:00+05:30,545.614,0.0,29.089,synthetic,True,True,True,True
2772,2026-03-29T21:00:00+05:30,592.052,0.0,28.825,synthetic,True,True,True,True
2773,2026-03-29T21:15:00+05:30,553.099,0.0,28.938,synthetic,True,True,True,True
2774,2026-03-29T21:30:00+05:30,567.758,0.0,28.737,synthetic,True,True,True,True
2775,2026-03-29T21:45:00+05:30,548.046,0.0,28.448,synthetic,True,True,True,True
2776,2026-03-29T22:00:00+05:30,410.764,0.0,27.939,synthetic,True,True,True,True
2777,2026-03-29T22:15:00+05:30,412.075,0.0,27.308,synthetic,True,True,True,True
2778,2026-03-29T22:30:00+05:30,420.405,0.0,26.984,synthetic,True,True,True,True
2779,2026-03-29T22:45:00+05:30,439.978,0.0,26.553,synthetic,True,True,True,True
2780,2026-03-29T23:00:00+05:30,427.063,0.0,26.001,synthetic,True,True,True,True
2781,2026-03-29T23:15:00+05:30,428.561,0.0,25.664,synthetic,True,True,True,True
2782,2026-03-29T23:30:00+05:30,443.076,0.0,25.336,synthetic,True,True,True,True
2783,2026-03-29T23:45:00+05:30,448.369,0.0,24.754,synthetic,True,True,True,True
2784,2026-03-30T00:00:00+05:30,451.126,0.0,24.594,synthetic,True,True,True,True
2785,2026-03-30T00:15:00+05:30,434.513,0.0,25.385,synthetic,True,True,True,True
2786,2026-03-30T00:30:00+05:30,414.118,0.0,24.133,synthetic,True,True,True,True
2787,2026-03-30T00:45:00+05:30,411.939,0.0,23.479,synthetic,True,True,True,True
2788,2026-03-30T01:00:00+05:30,413.433,0.0,22.353,synthetic,True,True,True,True
2789,2026-03-30T01:15:00+05:30,418.79,0.0,21.91,synthetic,True,True,True,True
2790,2026-03-30T01:30:00+05:30,412.126,0.0,22.551,synthetic,True,True,True,True
2791,2026-03-30T01:45:00+05:30,393.007,0.0,22.68,synthetic,True,True,True,True
2792,2026-03-30T02:00:00+05:30,419.815,0.0,22.821,synthetic,True,True,True,True
2793,2026-03-30T02:15:00+05:30,394.706,0.0,23.005,synthetic,True,True,True,True
2794,2026-03-30T02:30:00+05:30,402.757,0.0,23.725,synthetic,True,True,True,True
2795,2026-03-30T02:45:00+05:30,391.637,0.0,24.141,synthetic,True,True,True,True
2796,2026-03-30T03:00:00+05:30,396.761,0.0,24.519,synthetic,True,True,True,True
2797,2026-03-30T03:15:00+05:30,397.013,0.0,25.079,synthetic,True,True,True,True
2798,2026-03-30T03:30:00+05:30,398.63,0.0,24.675,synthetic,True,True,True,True
2799,2026-03-30T03:45:00+05:30,402.209,0.0,24.561,synthetic,True,True,True,True
2800,2026-03-30T04:00:00+05:30,412.787,0.0,24.493,synthetic,True,True,True,True
2801,2026-03-30T04:15:00+05:30,410.09,0.0,24.567,synthetic,True,True,True,True
2802,2026-03-30T04:30:00+05:30,398.979,0.0,24.967,synthetic,True,True,True,True
2803,2026-03-30T04:45:00+05:30,399.872,0.0,24.934,synthetic,True,True,True,True
2804,2026-03-30T05:00:00+05:30,399.679,0.0,24.753,synthetic,True,True,True,True
2805,2026-03-30T05:15:00+05:30,413.736,0.0,24.352,synthetic,True,True,True,True
2806,2026-03-30T05:30:00+05:30,403.677,0.0,24.069,synthetic,True,True,True,True
2807,2026-03-30T05:45:00+05:30,412.345,0.0,24.432,synthetic,True,True,True,True
2808,2026-03-30T06:00:00+05:30,750.006,0.0,24.674,synthetic,True,True,True,True
2809,2026-03-30T06:15:00+05:30,725.32,0.958,25.716,synthetic,True,True,True,True
2810,2026-03-30T06:30:00+05:30,703.25,19.122,26.027,synthetic,True,True,True,True
2811,2026-03-30T06:45:00+05:30,732.952,59.666,26.497,synthetic,True,True,True,True
2812,2026-03-30T07:00:00+05:30,729.162,112.322,27.124,synthetic,True,True,True,True
2813,2026-03-30T07:15:00+05:30,759.748,167.379,27.475,synthetic,True,True,True,True
2814,2026-03-30T07:30:00+05:30,737.767,229.468,27.386,synthetic,True,True,True,True
2815,2026-03-30T07:45:00+05:30,701.751,293.105,27.24,synthetic,True,True,True,True
2816,2026-03-30T08:00:00+05:30,682.556,349.897,27.734,synthetic,True,True,True,True
2817,2026-03-30T08:15:00+05:30,709.366,405.61,28.364,synthetic,True,True,True,True
2818,2026-03-30T08:30:00+05:30,744.314,457.998,28.596,synthetic,True,True,True,True
2819,2026-03-30T08:45:00+05:30,712.801,526.439,29.208,synthetic,True,True,True,True
2820,2026-03-30T09:00:00+05:30,697.408,563.984,29.736,synthetic,True,True,True,True
2821,2026-03-30T09:15:00+05:30,692.923,591.155,30.114,synthetic,True,True,True,True
2822,2026-03-30T09:30:00+05:30,657.543,660.354,30.303,synthetic,True,True,True,True
2823,2026-03-30T09:45:00+05:30,674.503,682.203,30.782,synthetic,True,True,True,True
2824,2026-03-30T10:00:00+05:30,388.881,721.197,31.241,synthetic,True,True,True,True
2825,2026-03-30T10:15:00+05:30,384.628,773.298,31.335,synthetic,True,True,True,True
2826,2026-03-30T10:30:00+05:30,376.376,806.852,31.313,synthetic,True,True,True,True
2827,2026-03-30T10:45:00+05:30,369.183,789.46,31.568,synthetic,True,True,True,True
2828,2026-03-30T11:00:00+05:30,353.411,823.32,32.202,synthetic,True,True,True,True
2829,2026-03-30T11:15:00+05:30,367.489,863.143,32.481,synthetic,True,True,True,True
2830,2026-03-30T11:30:00+05:30,386.448,884.416,33.007,synthetic,True,True,True,True
2831,2026-03-30T11:45:00+05:30,391.109,877.157,33.722,synthetic,True,True,True,True
2832,2026-03-30T12:00:00+05:30,401.1,918.828,33.766,synthetic,True,True,True,True
2833,2026-03-30T12:15:00+05:30,419.521,945.116,33.791,synthetic,True,True,True,True
2834,2026-03-30T12:30:00+05:30,409.555,934.329,34.157,synthetic,True,True,True,True
2835,2026-03-30T12:45:00+05:30,398.822,922.201,33.748,synthetic,True,True,True,True
2836,2026-03-30T13:00:00+05:30,404.989,928.539,34.286,synthetic,True,True,True,True
2837,2026-03-30T13:15:00+05:30,410.632,915.204,34.55,synthetic,True,True,True,True
2838,2026-03-30T13:30:00+05:30,418.882,891.234,35.026,synthetic,True,True,True,True
2839,2026-03-30T13:45:00+05:30,421.766,857.327,34.76,synthetic,True,True,True,True
2840,2026-03-30T14:00:00+05:30,405.84,834.799,34.699,synthetic,True,True,True,True
2841,2026-03-30T14:15:00+05:30,396.311,796.321,35.081,synthetic,True,True,True,True
2842,2026-03-30T14:30:00+05:30,398.778,754.994,35.684,synthetic,True,True,True,True
2843,2026-03-30T14:45:00+05:30,378.042,696.587,35.884,synthetic,True,True,True,True
2844,2026-03-30T15:00:00+05:30,372.422,641.45,36.868,synthetic,True,True,True,True
2845,2026-03-30T15:15:00+05:30,363.679,611.361,36.469,synthetic,True,True,True,True
2846,2026-03-30T15:30:00+05:30,358.106,560.848,36.669,synthetic,True,True,True,True
2847,2026-03-30T15:45:00+05:30,352.63,505.764,37.459,synthetic,True,True,True,True
2848,2026-03-30T16:00:00+05:30,361.823,450.582,37.54,synthetic,True,True,True,True
2849,2026-03-30T16:15:00+05:30,367.935,392.437,37.412,synthetic,True,True,True,True
2850,2026-03-30T16:30:00+05:30,372.71,328.522,37.269,synthetic,True,True,True,True
2851,2026-03-30T16:45:00+05:30,380.68,268.827,37.437,synthetic,True,True,True,True
2852,2026-03-30T17:00:00+05:30,395.862,211.19,37.0,synthetic,True,True,True,True
2853,2026-03-30T17:15:00+05:30,398.706,152.536,36.796,synthetic,True,True,True,True
2854,2026-03-30T17:30:00+05:30,407.68,98.594,36.096,synthetic,True,True,True,True
2855,2026-03-30T17:45:00+05:30,408.961,48.163,35.243,synthetic,True,True,True,True
2856,2026-03-30T18:00:00+05:30,720.431,12.68,34.905,synthetic,True,True,True,True
2857,2026-03-30T18:15:00+05:30,753.175,0.235,34.619,synthetic,True,True,True,True
2858,2026-03-30T18:30:00+05:30,735.817,0.0,33.645,synthetic,True,True,True,True
2859,2026-03-30T18:45:00+05:30,715.965,0.0,33.676,synthetic,True,True,True,True
2860,2026-03-30T19:00:00+05:30,723.733,0.0,33.081,synthetic,True,True,True,True
2861,2026-03-30T19:15:00+05:30,675.941,0.0,33.077,synthetic,True,True,True,True
2862,2026-03-30T19:30:00+05:30,643.137,0.0,33.468,synthetic,True,True,True,True
2863,2026-03-30T19:45:00+05:30,670.826,0.0,33.056,synthetic,True,True,True,True
2864,2026-03-30T20:00:00+05:30,679.949,0.0,32.625,synthetic,True,True,True,True
2865,2026-03-30T20:15:00+05:30,718.888,0.0,32.624,synthetic,True,True,True,True
2866,2026-03-30T20:30:00+05:30,730.7,0.0,32.305,synthetic,True,True,True,True
2867,2026-03-30T20:45:00+05:30,739.334,0.0,32.304,synthetic,True,True,True,True
2868,2026-03-30T21:00:00+05:30,738.216,0.0,32.268,synthetic,True,True,True,True
2869,2026-03-30T21:15:00+05:30,739.431,0.0,31.386,synthetic,True,True,True,True
2870,2026-03-30T21:30:00+05:30,740.494,0.0,31.179,synthetic,True,True,True,True
2871,2026-03-30T21:45:00+05:30,751.128,0.0,30.465,synthetic,True,True,True,True
2872,2026-03-30T22:00:00+05:30,423.752,0.0,29.068,synthetic,True,True,True,True
2873,2026-03-30T22:15:00+05:30,414.006,0.0,29.047,synthetic,True,True,True,True
2874,2026-03-30T22:30:00+05:30,412.655,0.0,29.284,synthetic,True,True,True,True
2875,2026-03-30T22:45:00+05:30,419.047,0.0,28.825,synthetic,True,True,True,True
2876,2026-03-30T23:00:00+05:30,394.237,0.0,28.313,synthetic,True,True,True,True
2877,2026-03-30T23:15:00+05:30,383.113,0.0,27.951,synthetic,True,True,True,True
2878,2026-03-30T23:30:00+05:30,397.599,0.0,26.67,synthetic,True,True,True,True
2879,2026-03-30T23:45:00+05:30,409.801,0.0,26.828,synthetic,True,True,True,True
2880,2026-03-31T00:00:00+05:30,408.37,0.0,25.999,synthetic,True,True,True,True
2881,2026-03-31T00:15:00+05:30,384.551,0.0,25.265,synthetic,True,True,True,True
2882,2026-03-31T00:30:00+05:30,371.385,0.0,24.762,synthetic,True,True,True,True
2883,2026-03-31T00:45:00+05:30,375.688,0.0,25.081,synthetic,True,True,True,True
2884,2026-03-31T01:00:00+05:30,346.556,0.0,24.651,synthetic,True,True,True,True
2885,2026-03-31T01:15:00+05:30,357.066,0.0,24.581,synthetic,True,True,True,True
2886,2026-03-31T01:30:00+05:30,364.011,0.0,25.291,synthetic,True,True,True,True
2887,2026-03-31T01:45:00+05:30,356.34,0.0,24.673,synthetic,True,True,True,True
2888,2026-03-31T02:00:00+05:30,353.791,0.0,24.103,synthetic,True,True,True,True
2889,2026-03-31T02:15:00+05:30,360.278,0.0,23.88,synthetic,True,True,True,True
2890,2026-03-31T02:30:00+05:30,382.566,0.0,24.489,synthetic,True,True,True,True
2891,2026-03-31T02:45:00+05:30,374.808,0.0,24.487,synthetic,True,True,True,True
2892,2026-03-31T03:00:00+05:30,378.251,0.0,24.743,synthetic,True,True,True,True
2893,2026-03-31T03:15:00+05:30,368.768,0.0,24.53,synthetic,True,True,True,True
2894,2026-03-31T03:30:00+05:30,345.324,0.0,23.558,synthetic,True,True,True,True
2895,2026-03-31T03:45:00+05:30,353.102,0.0,23.333,synthetic,True,True,True,True
2896,2026-03-31T04:00:00+05:30,341.18,0.0,24.106,synthetic,True,True,True,True
2897,2026-03-31T04:15:00+05:30,381.081,0.0,23.893,synthetic,True,True,True,True
2898,2026-03-31T04:30:00+05:30,388.906,0.0,24.274,synthetic,True,True,True,True
2899,2026-03-31T04:45:00+05:30,388.232,0.0,24.299,synthetic,True,True,True,True
2900,2026-03-31T05:00:00+05:30,394.9,0.0,24.124,synthetic,True,True,True,True
2901,2026-03-31T05:15:00+05:30,389.378,0.0,24.067,synthetic,True,True,True,True
2902,2026-03-31T05:30:00+05:30,386.93,0.0,24.344,synthetic,True,True,True,True
2903,2026-03-31T05:45:00+05:30,381.008,0.0,24.622,synthetic,True,True,True,True
2904,2026-03-31T06:00:00+05:30,679.437,0.0,25.5,synthetic,True,True,True,True
2905,2026-03-31T06:15:00+05:30,701.254,1.1,25.566,synthetic,True,True,True,True
2906,2026-03-31T06:30:00+05:30,720.284,18.91,25.85,synthetic,True,True,True,True
2907,2026-03-31T06:45:00+05:30,716.922,56.655,25.861,synthetic,True,True,True,True
2908,2026-03-31T07:00:00+05:30,719.821,113.256,26.205,synthetic,True,True,True,True
2909,2026-03-31T07:15:00+05:30,727.211,167.109,25.91,synthetic,True,True,True,True
2910,2026-03-31T07:30:00+05:30,687.343,225.042,26.473,synthetic,True,True,True,True
2911,2026-03-31T07:45:00+05:30,682.566,282.079,26.897,synthetic,True,True,True,True
2912,2026-03-31T08:00:00+05:30,707.492,347.729,27.509,synthetic,True,True,True,True
2913,2026-03-31T08:15:00+05:30,721.41,403.895,28.047,synthetic,True,True,True,True
2914,2026-03-31T08:30:00+05:30,693.988,462.441,28.222,synthetic,True,True,True,True
2915,2026-03-31T08:45:00+05:30,662.726,526.053,28.185,synthetic,True,True,True,True
2916,2026-03-31T09:00:00+05:30,638.161,572.934,28.521,synthetic,True,True,True,True
2917,2026-03-31T09:15:00+05:30,690.808,631.039,28.546,synthetic,True,True,True,True
2918,2026-03-31T09:30:00+05:30,697.235,685.423,29.764,synthetic,True,True,True,True
2919,2026-03-31T09:45:00+05:30,651.157,733.811,29.653,synthetic,True,True,True,True
2920,2026-03-31T10:00:00+05:30,361.433,774.029,29.723,synthetic,True,True,True,True
2921,2026-03-31T10:15:00+05:30,366.447,809.909,29.487,synthetic,True,True,True,True
2922,2026-03-31T10:30:00+05:30,373.678,850.037,30.578,synthetic,True,True,True,True
2923,2026-03-31T10:45:00+05:30,382.169,864.694,31.761,synthetic,True,True,True,True
2924,2026-03-31T11:00:00+05:30,391.654,877.213,32.096,synthetic,True,True,True,True
2925,2026-03-31T11:15:00+05:30,395.243,857.181,32.206,synthetic,True,True,True,True
2926,2026-03-31T11:30:00+05:30,378.686,856.549,32.877,synthetic,True,True,True,True
2927,2026-03-31T11:45:00+05:30,398.542,919.616,32.956,synthetic,True,True,True,True
2928,2026-03-31T12:00:00+05:30,401.347,917.751,33.173,synthetic,True,True,True,True
2929,2026-03-31T12:15:00+05:30,407.319,901.788,33.399,synthetic,True,True,True,True
2930,2026-03-31T12:30:00+05:30,406.576,886.216,34.228,synthetic,True,True,True,True
2931,2026-03-31T12:45:00+05:30,419.145,888.578,33.907,synthetic,True,True,True,True
2932,2026-03-31T13:00:00+05:30,436.672,885.649,34.86,synthetic,True,True,True,True
2933,2026-03-31T13:15:00+05:30,426.409,823.587,35.173,synthetic,True,True,True,True
2934,2026-03-31T13:30:00+05:30,432.794,803.693,35.132,synthetic,True,True,True,True
2935,2026-03-31T13:45:00+05:30,421.509,816.399,34.626,synthetic,True,True,True,True
2936,2026-03-31T14:00:00+05:30,434.098,766.386,34.272,synthetic,True,True,True,True
2937,2026-03-31T14:15:00+05:30,433.67,715.664,34.708,synthetic,True,True,True,True
2938,2026-03-31T14:30:00+05:30,449.257,688.869,34.92,synthetic,True,True,True,True
2939,2026-03-31T14:45:00+05:30,454.794,658.726,35.24,synthetic,True,True,True,True
2940,2026-03-31T15:00:00+05:30,450.79,627.91,35.162,synthetic,True,True,True,True
2941,2026-03-31T15:15:00+05:30,447.024,592.886,35.702,synthetic,True,True,True,True
2942,2026-03-31T15:30:00+05:30,425.658,543.336,35.152,synthetic,True,True,True,True
2943,2026-03-31T15:45:00+05:30,427.768,501.804,35.636,synthetic,True,True,True,True
2944,2026-03-31T16:00:00+05:30,432.641,443.198,35.173,synthetic,True,True,True,True
2945,2026-03-31T16:15:00+05:30,428.044,377.808,35.53,synthetic,True,True,True,True
2946,2026-03-31T16:30:00+05:30,433.117,331.771,35.232,synthetic,True,True,True,True
2947,2026-03-31T16:45:00+05:30,430.371,273.18,35.438,synthetic,True,True,True,True
2948,2026-03-31T17:00:00+05:30,410.391,218.509,35.235,synthetic,True,True,True,True
2949,2026-03-31T17:15:00+05:30,382.026,153.243,34.691,synthetic,True,True,True,True
2950,2026-03-31T17:30:00+05:30,393.507,100.134,34.068,synthetic,True,True,True,True
2951,2026-03-31T17:45:00+05:30,395.286,48.807,34.287,synthetic,True,True,True,True
2952,2026-03-31T18:00:00+05:30,695.003,12.831,33.416,synthetic,True,True,True,True
2953,2026-03-31T18:15:00+05:30,745.057,0.243,33.164,synthetic,True,True,True,True
2954,2026-03-31T18:30:00+05:30,766.791,0.0,32.487,synthetic,True,True,True,True
2955,2026-03-31T18:45:00+05:30,757.375,0.0,32.802,synthetic,True,True,True,True
2956,2026-03-31T19:00:00+05:30,751.193,0.0,32.133,synthetic,True,True,True,True
2957,2026-03-31T19:15:00+05:30,686.823,0.0,31.549,synthetic,True,True,True,True
2958,2026-03-31T19:30:00+05:30,639.788,0.0,30.801,synthetic,True,True,True,True
2959,2026-03-31T19:45:00+05:30,661.977,0.0,31.21,synthetic,True,True,True,True
2960,2026-03-31T20:00:00+05:30,709.056,0.0,31.762,synthetic,True,True,True,True
2961,2026-03-31T20:15:00+05:30,723.858,0.0,31.4,synthetic,True,True,True,True
2962,2026-03-31T20:30:00+05:30,686.749,0.0,30.585,synthetic,True,True,True,True
2963,2026-03-31T20:45:00+05:30,674.194,0.0,30.927,synthetic,True,True,True,True
2964,2026-03-31T21:00:00+05:30,675.552,0.0,30.087,synthetic,True,True,True,True
2965,2026-03-31T21:15:00+05:30,655.599,0.0,29.443,synthetic,True,True,True,True
2966,2026-03-31T21:30:00+05:30,634.876,0.0,29.011,synthetic,True,True,True,True
2967,2026-03-31T21:45:00+05:30,632.983,0.0,28.97,synthetic,True,True,True,True
2968,2026-03-31T22:00:00+05:30,378.593,0.0,28.555,synthetic,True,True,True,True
2969,2026-03-31T22:15:00+05:30,383.048,0.0,28.296,synthetic,True,True,True,True
2970,2026-03-31T22:30:00+05:30,365.972,0.0,27.593,synthetic,True,True,True,True
2971,2026-03-31T22:45:00+05:30,384.895,0.0,26.773,synthetic,True,True,True,True
2972,2026-03-31T23:00:00+05:30,379.269,0.0,26.908,synthetic,True,True,True,True
2973,2026-03-31T23:15:00+05:30,390.582,0.0,26.252,synthetic,True,True,True,True
2974,2026-03-31T23:30:00+05:30,406.149,0.0,26.42,synthetic,True,True,True,True
2975,2026-03-31T23:45:00+05:30,399.737,0.0,26.306,synthetic,True,True,True,True
